Date,day_of_week,month,day_num,month_num,is_holiday,day_Friday,day_Monday,day_Saturday,day_Sunday,day_Thursday,day_Tuesday,day_Wednesday,month_April,month_August,month_December,month_February,month_January,month_July,month_June,month_March,month_May,month_November,month_October,month_September
2024-01-01,Monday,January,0,1,0,False,True,False,False,False,False,False,False,False,False,False,True,False,False,False,False,False,False,False
2024-01-02,Tuesday,January,1,1,0,False,False,False,False,False,True,False,False,False,False,False,True,False,False,False,False,False,False,False
2024-01-03,Wednesday,January,2,1,0,False,False,False,False,False,False,True,False,False,False,False,True,False,False,False,False,False,False,False
2024-01-04,Thursday,January,3,1,0,False,False,False,False,True,False,False,False,False,False,False,True,False,False,False,False,False,False,False
2024-01-05,Friday,January,4,1,0,True,False,False,False,False,False,False,False,False,False,False,True,False,False,False,False,False,False,False
2024-01-06,Saturday,January,5,1,0,False,False,True,False,False,False,False,False,False,False,False,True,False,False,False,False,False,False,False
2024-01-07,Sunday,January,6,1,0,False,False,False,True,False,False,False,False,False,False,False,True,False,False,False,False,False,False,False
2024-01-08,Monday,January,0,1,0,False,True,False,False,False,False,False,False,False,False,False,True,False,False,False,False,False,False,False
2024-01-09,Tuesday,January,1,1,0,False,False,False,False,False,True,False,False,False,False,False,True,False,False,False,False,False,False,False
2024-01-10,Wednesday,January,2,1,0,False,False,False,False,False,False,True,False,False,False,False,True,False,False,False,False,False,False,False
2024-01-11,Thursday,January,3,1,0,False,False,False,False,True,False,False,False,False,False,False,True,False,False,False,False,False,False,False
2024-01-12,Friday,January,4,1,0,True,False,False,False,False,False,False,False,False,False,False,True,False,False,False,False,False,False,False
2024-01-13,Saturday,January,5,1,0,False,False,True,False,False,False,False,False,False,False,False,True,False,False,False,False,False,False,False
2024-01-14,Sunday,January,6,1,0,False,False,False,True,False,False,False,False,False,False,False,True,False,False,False,False,False,False,False
2024-01-15,Monday,January,0,1,0,False,True,False,False,False,False,False,False,False,False,False,True,False,False,False,False,False,False,False
2024-01-16,Tuesday,January,1,1,0,False,False,False,False,False,True,False,False,False,False,False,True,False,False,False,False,False,False,False
2024-01-17,Wednesday,January,2,1,0,False,False,False,False,False,False,True,False,False,False,False,True,False,False,False,False,False,False,False
2024-01-18,Thursday,January,3,1,0,False,False,False,False,True,False,False,False,False,False,False,True,False,False,False,False,False,False,False
2024-01-19,Friday,January,4,1,0,True,False,False,False,False,False,False,False,False,False,False,True,False,False,False,False,False,False,False
2024-01-20,Saturday,January,5,1,0,False,False,True,False,False,False,False,False,False,False,False,True,False,False,False,False,False,False,False
2024-01-21,Sunday,January,6,1,0,False,False,False,True,False,False,False,False,False,False,False,True,False,False,False,False,False,False,False
2024-01-22,Monday,January,0,1,0,False,True,False,False,False,False,False,False,False,False,False,True,False,False,False,False,False,False,False
2024-01-23,Tuesday,January,1,1,0,False,False,False,False,False,True,False,False,False,False,False,True,False,False,False,False,False,False,False
2024-01-24,Wednesday,January,2,1,0,False,False,False,False,False,False,True,False,False,False,False,True,False,False,False,False,False,False,False
2024-01-25,Thursday,January,3,1,0,False,False,False,False,True,False,False,False,False,False,False,True,False,False,False,False,False,False,False
2024-01-26,Friday,January,4,1,0,True,False,False,False,False,False,False,False,False,False,False,True,False,False,False,False,False,False,False
2024-01-27,Saturday,January,5,1,0,False,False,True,False,False,False,False,False,False,False,False,True,False,False,False,False,False,False,False
2024-01-28,Sunday,January,6,1,0,False,False,False,True,False,False,False,False,False,False,False,True,False,False,False,False,False,False,False
2024-01-29,Monday,January,0,1,0,False,True,False,False,False,False,False,False,False,False,False,True,False,False,False,False,False,False,False
2024-01-30,Tuesday,January,1,1,0,False,False,False,False,False,True,False,False,False,False,False,True,False,False,False,False,False,False,False
2024-01-31,Wednesday,January,2,1,0,False,False,False,False,False,False,True,False,False,False,False,True,False,False,False,False,False,False,False
2024-02-01,Thursday,February,3,2,0,False,False,False,False,True,False,False,False,False,False,True,False,False,False,False,False,False,False,False
2024-02-02,Friday,February,4,2,0,True,False,False,False,False,False,False,False,False,False,True,False,False,False,False,False,False,False,False
2024-02-03,Saturday,February,5,2,0,False,False,True,False,False,False,False,False,False,False,True,False,False,False,False,False,False,False,False
2024-02-04,Sunday,February,6,2,0,False,False,False,True,False,False,False,False,False,False,True,False,False,False,False,False,False,False,False
2024-02-05,Monday,February,0,2,0,False,True,False,False,False,False,False,False,False,False,True,False,False,False,False,False,False,False,False
2024-02-06,Tuesday,February,1,2,0,False,False,False,False,False,True,False,False,False,False,True,False,False,False,False,False,False,False,False
2024-02-07,Wednesday,February,2,2,0,False,False,False,False,False,False,True,False,False,False,True,False,False,False,False,False,False,False,False
2024-02-08,Thursday,February,3,2,0,False,False,False,False,True,False,False,False,False,False,True,False,False,False,False,False,False,False,False
2024-02-09,Friday,February,4,2,0,True,False,False,False,False,False,False,False,False,False,True,False,False,False,False,False,False,False,False
2024-02-10,Saturday,February,5,2,0,False,False,True,False,False,False,False,False,False,False,True,False,False,False,False,False,False,False,False
2024-02-11,Sunday,February,6,2,0,False,False,False,True,False,False,False,False,False,False,True,False,False,False,False,False,False,False,False
2024-02-12,Monday,February,0,2,0,False,True,False,False,False,False,False,False,False,False,True,False,False,False,False,False,False,False,False
2024-02-13,Tuesday,February,1,2,0,False,False,False,False,False,True,False,False,False,False,True,False,False,False,False,False,False,False,False
2024-02-14,Wednesday,February,2,2,0,False,False,False,False,False,False,True,False,False,False,True,False,False,False,False,False,False,False,False
2024-02-15,Thursday,February,3,2,0,False,False,False,False,True,False,False,False,False,False,True,False,False,False,False,False,False,False,False
2024-02-16,Friday,February,4,2,0,True,False,False,False,False,False,False,False,False,False,True,False,False,False,False,False,False,False,False
2024-02-17,Saturday,February,5,2,0,False,False,True,False,False,False,False,False,False,False,True,False,False,False,False,False,False,False,False
2024-02-18,Sunday,February,6,2,0,False,False,False,True,False,False,False,False,False,False,True,False,False,False,False,False,False,False,False
2024-02-19,Monday,February,0,2,0,False,True,False,False,False,False,False,False,False,False,True,False,False,False,False,False,False,False,False
2024-02-20,Tuesday,February,1,2,0,False,False,False,False,False,True,False,False,False,False,True,False,False,False,False,False,False,False,False
2024-02-21,Wednesday,February,2,2,0,False,False,False,False,False,False,True,False,False,False,True,False,False,False,False,False,False,False,False
2024-02-22,Thursday,February,3,2,0,False,False,False,False,True,False,False,False,False,False,True,False,False,False,False,False,False,False,False
2024-02-23,Friday,February,4,2,0,True,False,False,False,False,False,False,False,False,False,True,False,False,False,False,False,False,False,False
2024-02-24,Saturday,February,5,2,0,False,False,True,False,False,False,False,False,False,False,True,False,False,False,False,False,False,False,False
2024-02-25,Sunday,February,6,2,0,False,False,False,True,False,False,False,False,False,False,True,False,False,False,False,False,False,False,False
2024-02-26,Monday,February,0,2,0,False,True,False,False,False,False,False,False,False,False,True,False,False,False,False,False,False,False,False
2024-02-27,Tuesday,February,1,2,0,False,False,False,False,False,True,False,False,False,False,True,False,False,False,False,False,False,False,False
2024-02-28,Wednesday,February,2,2,0,False,False,False,False,False,False,True,False,False,False,True,False,False,False,False,False,False,False,False
2024-02-29,Thursday,February,3,2,0,False,False,False,False,True,False,False,False,False,False,True,False,False,False,False,False,False,False,False
2024-03-01,Friday,March,4,3,0,True,False,False,False,False,False,False,False,False,False,False,False,False,False,True,False,False,False,False
2024-03-02,Saturday,March,5,3,0,False,False,True,False,False,False,False,False,False,False,False,False,False,False,True,False,False,False,False
2024-03-03,Sunday,March,6,3,0,False,False,False,True,False,False,False,False,False,False,False,False,False,False,True,False,False,False,False
2024-03-04,Monday,March,0,3,0,False,True,False,False,False,False,False,False,False,False,False,False,False,False,True,False,False,False,False
2024-03-05,Tuesday,March,1,3,0,False,False,False,False,False,True,False,False,False,False,False,False,False,False,True,False,False,False,False
2024-03-06,Wednesday,March,2,3,0,False,False,False,False,False,False,True,False,False,False,False,False,False,False,True,False,False,False,False
2024-03-07,Thursday,March,3,3,0,False,False,False,False,True,False,False,False,False,False,False,False,False,False,True,False,False,False,False
2024-03-08,Friday,March,4,3,0,True,False,False,False,False,False,False,False,False,False,False,False,False,False,True,False,False,False,False
2024-03-09,Saturday,March,5,3,0,False,False,True,False,False,False,False,False,False,False,False,False,False,False,True,False,False,False,False
2024-03-10,Sunday,March,6,3,0,False,False,False,True,False,False,False,False,False,False,False,False,False,False,True,False,False,False,False
2024-03-11,Monday,March,0,3,0,False,True,False,False,False,False,False,False,False,False,False,False,False,False,True,False,False,False,False
2024-03-12,Tuesday,March,1,3,0,False,False,False,False,False,True,False,False,False,False,False,False,False,False,True,False,False,False,False
2024-03-13,Wednesday,March,2,3,0,False,False,False,False,False,False,True,False,False,False,False,False,False,False,True,False,False,False,False
2024-03-14,Thursday,March,3,3,0,False,False,False,False,True,False,False,False,False,False,False,False,False,False,True,False,False,False,False
2024-03-15,Friday,March,4,3,0,True,False,False,False,False,False,False,False,False,False,False,False,False,False,True,False,False,False,False
2024-03-16,Saturday,March,5,3,0,False,False,True,False,False,False,False,False,False,False,False,False,False,False,True,False,False,False,False
2024-03-17,Sunday,March,6,3,0,False,False,False,True,False,False,False,False,False,False,False,False,False,False,True,False,False,False,False
2024-03-18,Monday,March,0,3,0,False,True,False,False,False,False,False,False,False,False,False,False,False,False,True,False,False,False,False
2024-03-19,Tuesday,March,1,3,0,False,False,False,False,False,True,False,False,False,False,False,False,False,False,True,False,False,False,False
2024-03-20,Wednesday,March,2,3,0,False,False,False,False,False,False,True,False,False,False,False,False,False,False,True,False,False,False,False
2024-03-21,Thursday,March,3,3,0,False,False,False,False,True,False,False,False,False,False,False,False,False,False,True,False,False,False,False
2024-03-22,Friday,March,4,3,0,True,False,False,False,False,False,False,False,False,False,False,False,False,False,True,False,False,False,False
2024-03-23,Saturday,March,5,3,0,False,False,True,False,False,False,False,False,False,False,False,False,False,False,True,False,False,False,False
2024-03-24,Sunday,March,6,3,0,False,False,False,True,False,False,False,False,False,False,False,False,False,False,True,False,False,False,False
2024-03-25,Monday,March,0,3,0,False,True,False,False,False,False,False,False,False,False,False,False,False,False,True,False,False,False,False
2024-03-26,Tuesday,March,1,3,0,False,False,False,False,False,True,False,False,False,False,False,False,False,False,True,False,False,False,False
2024-03-27,Wednesday,March,2,3,0,False,False,False,False,False,False,True,False,False,False,False,False,False,False,True,False,False,False,False
2024-03-28,Thursday,March,3,3,0,False,False,False,False,True,False,False,False,False,False,False,False,False,False,True,False,False,False,False
2024-03-29,Friday,March,4,3,0,True,False,False,False,False,False,False,False,False,False,False,False,False,False,True,False,False,False,False
2024-03-30,Saturday,March,5,3,0,False,False,True,False,False,False,False,False,False,False,False,False,False,False,True,False,False,False,False
2024-03-31,Sunday,March,6,3,0,False,False,False,True,False,False,False,False,False,False,False,False,False,False,True,False,False,False,False
2024-04-01,Monday,April,0,4,0,False,True,False,False,False,False,False,True,False,False,False,False,False,False,False,False,False,False,False
2024-04-02,Tuesday,April,1,4,0,False,False,False,False,False,True,False,True,False,False,False,False,False,False,False,False,False,False,False
2024-04-03,Wednesday,April,2,4,0,False,False,False,False,False,False,True,True,False,False,False,False,False,False,False,False,False,False,False
2024-04-04,Thursday,April,3,4,0,False,False,False,False,True,False,False,True,False,False,False,False,False,False,False,False,False,False,False
2024-04-05,Friday,April,4,4,0,True,False,False,False,False,False,False,True,False,False,False,False,False,False,False,False,False,False,False
2024-04-06,Saturday,April,5,4,0,False,False,True,False,False,False,False,True,False,False,False,False,False,False,False,False,False,False,False
2024-04-07,Sunday,April,6,4,0,False,False,False,True,False,False,False,True,False,False,False,False,False,False,False,False,False,False,False
2024-04-08,Monday,April,0,4,0,False,True,False,False,False,False,False,True,False,False,False,False,False,False,False,False,False,False,False
2024-04-09,Tuesday,April,1,4,0,False,False,False,False,False,True,False,True,False,False,False,False,False,False,False,False,False,False,False
2024-04-10,Wednesday,April,2,4,0,False,False,False,False,False,False,True,True,False,False,False,False,False,False,False,False,False,False,False
2024-04-11,Thursday,April,3,4,0,False,False,False,False,True,False,False,True,False,False,False,False,False,False,False,False,False,False,False
2024-04-12,Friday,April,4,4,0,True,False,False,False,False,False,False,True,False,False,False,False,False,False,False,False,False,False,False
2024-04-13,Saturday,April,5,4,0,False,False,True,False,False,False,False,True,False,False,False,False,False,False,False,False,False,False,False
2024-04-14,Sunday,April,6,4,0,False,False,False,True,False,False,False,True,False,False,False,False,False,False,False,False,False,False,False
2024-04-15,Monday,April,0,4,0,False,True,False,False,False,False,False,True,False,False,False,False,False,False,False,False,False,False,False
2024-04-16,Tuesday,April,1,4,0,False,False,False,False,False,True,False,True,False,False,False,False,False,False,False,False,False,False,False
2024-04-17,Wednesday,April,2,4,0,False,False,False,False,False,False,True,True,False,False,False,False,False,False,False,False,False,False,False
2024-04-18,Thursday,April,3,4,0,False,False,False,False,True,False,False,True,False,False,False,False,False,False,False,False,False,False,False
2024-04-19,Friday,April,4,4,0,True,False,False,False,False,False,False,True,False,False,False,False,False,False,False,False,False,False,False
2024-04-20,Saturday,April,5,4,0,False,False,True,False,False,False,False,True,False,False,False,False,False,False,False,False,False,False,False
2024-04-21,Sunday,April,6,4,0,False,False,False,True,False,False,False,True,False,False,False,False,False,False,False,False,False,False,False
2024-04-22,Monday,April,0,4,0,False,True,False,False,False,False,False,True,False,False,False,False,False,False,False,False,False,False,False
2024-04-23,Tuesday,April,1,4,0,False,False,False,False,False,True,False,True,False,False,False,False,False,False,False,False,False,False,False
2024-04-24,Wednesday,April,2,4,0,False,False,False,False,False,False,True,True,False,False,False,False,False,False,False,False,False,False,False
2024-04-25,Thursday,April,3,4,0,False,False,False,False,True,False,False,True,False,False,False,False,False,False,False,False,False,False,False
2024-04-26,Friday,April,4,4,0,True,False,False,False,False,False,False,True,False,False,False,False,False,False,False,False,False,False,False
2024-04-27,Saturday,April,5,4,0,False,False,True,False,False,False,False,True,False,False,False,False,False,False,False,False,False,False,False
2024-04-28,Sunday,April,6,4,0,False,False,False,True,False,False,False,True,False,False,False,False,False,False,False,False,False,False,False
2024-04-29,Monday,April,0,4,0,False,True,False,False,False,False,False,True,False,False,False,False,False,False,False,False,False,False,False
2024-04-30,Tuesday,April,1,4,0,False,False,False,False,False,True,False,True,False,False,False,False,False,False,False,False,False,False,False
2024-05-01,Wednesday,May,2,5,0,False,False,False,False,False,False,True,False,False,False,False,False,False,False,False,True,False,False,False
2024-05-02,Thursday,May,3,5,0,False,False,False,False,True,False,False,False,False,False,False,False,False,False,False,True,False,False,False
2024-05-03,Friday,May,4,5,0,True,False,False,False,False,False,False,False,False,False,False,False,False,False,False,True,False,False,False
2024-05-04,Saturday,May,5,5,0,False,False,True,False,False,False,False,False,False,False,False,False,False,False,False,True,False,False,False
2024-05-05,Sunday,May,6,5,0,False,False,False,True,False,False,False,False,False,False,False,False,False,False,False,True,False,False,False
2024-05-06,Monday,May,0,5,0,False,True,False,False,False,False,False,False,False,False,False,False,False,False,False,True,False,False,False
2024-05-07,Tuesday,May,1,5,0,False,False,False,False,False,True,False,False,False,False,False,False,False,False,False,True,False,False,False
2024-05-08,Wednesday,May,2,5,0,False,False,False,False,False,False,True,False,False,False,False,False,False,False,False,True,False,False,False
2024-05-09,Thursday,May,3,5,0,False,False,False,False,True,False,False,False,False,False,False,False,False,False,False,True,False,False,False
2024-05-10,Friday,May,4,5,0,True,False,False,False,False,False,False,False,False,False,False,False,False,False,False,True,False,False,False
2024-05-11,Saturday,May,5,5,0,False,False,True,False,False,False,False,False,False,False,False,False,False,False,False,True,False,False,False
2024-05-12,Sunday,May,6,5,0,False,False,False,True,False,False,False,False,False,False,False,False,False,False,False,True,False,False,False
2024-05-13,Monday,May,0,5,0,False,True,False,False,False,False,False,False,False,False,False,False,False,False,False,True,False,False,False
2024-05-14,Tuesday,May,1,5,0,False,False,False,False,False,True,False,False,False,False,False,False,False,False,False,True,False,False,False
2024-05-15,Wednesday,May,2,5,0,False,False,False,False,False,False,True,False,False,False,False,False,False,False,False,True,False,False,False
2024-05-16,Thursday,May,3,5,0,False,False,False,False,True,False,False,False,False,False,False,False,False,False,False,True,False,False,False
2024-05-17,Friday,May,4,5,0,True,False,False,False,False,False,False,False,False,False,False,False,False,False,False,True,False,False,False
2024-05-18,Saturday,May,5,5,0,False,False,True,False,False,False,False,False,False,False,False,False,False,False,False,True,False,False,False
2024-05-19,Sunday,May,6,5,0,False,False,False,True,False,False,False,False,False,False,False,False,False,False,False,True,False,False,False
2024-05-20,Monday,May,0,5,0,False,True,False,False,False,False,False,False,False,False,False,False,False,False,False,True,False,False,False
2024-05-21,Tuesday,May,1,5,0,False,False,False,False,False,True,False,False,False,False,False,False,False,False,False,True,False,False,False
2024-05-22,Wednesday,May,2,5,0,False,False,False,False,False,False,True,False,False,False,False,False,False,False,False,True,False,False,False
2024-05-23,Thursday,May,3,5,0,False,False,False,False,True,False,False,False,False,False,False,False,False,False,False,True,False,False,False
2024-05-24,Friday,May,4,5,0,True,False,False,False,False,False,False,False,False,False,False,False,False,False,False,True,False,False,False
2024-05-25,Saturday,May,5,5,0,False,False,True,False,False,False,False,False,False,False,False,False,False,False,False,True,False,False,False
2024-05-26,Sunday,May,6,5,0,False,False,False,True,False,False,False,False,False,False,False,False,False,False,False,True,False,False,False
2024-05-27,Monday,May,0,5,0,False,True,False,False,False,False,False,False,False,False,False,False,False,False,False,True,False,False,False
2024-05-28,Tuesday,May,1,5,0,False,False,False,False,False,True,False,False,False,False,False,False,False,False,False,True,False,False,False
2024-05-29,Wednesday,May,2,5,0,False,False,False,False,False,False,True,False,False,False,False,False,False,False,False,True,False,False,False
2024-05-30,Thursday,May,3,5,0,False,False,False,False,True,False,False,False,False,False,False,False,False,False,False,True,False,False,False
2024-05-31,Friday,May,4,5,0,True,False,False,False,False,False,False,False,False,False,False,False,False,False,False,True,False,False,False
2024-06-01,Saturday,June,5,6,0,False,False,True,False,False,False,False,False,False,False,False,False,False,True,False,False,False,False,False
2024-06-02,Sunday,June,6,6,0,False,False,False,True,False,False,False,False,False,False,False,False,False,True,False,False,False,False,False
2024-06-03,Monday,June,0,6,0,False,True,False,False,False,False,False,False,False,False,False,False,False,True,False,False,False,False,False
2024-06-04,Tuesday,June,1,6,0,False,False,False,False,False,True,False,False,False,False,False,False,False,True,False,False,False,False,False
2024-06-05,Wednesday,June,2,6,0,False,False,False,False,False,False,True,False,False,False,False,False,False,True,False,False,False,False,False
2024-06-06,Thursday,June,3,6,0,False,False,False,False,True,False,False,False,False,False,False,False,False,True,False,False,False,False,False
2024-06-07,Friday,June,4,6,0,True,False,False,False,False,False,False,False,False,False,False,False,False,True,False,False,False,False,False
2024-06-08,Saturday,June,5,6,0,False,False,True,False,False,False,False,False,False,False,False,False,False,True,False,False,False,False,False
2024-06-09,Sunday,June,6,6,0,False,False,False,True,False,False,False,False,False,False,False,False,False,True,False,False,False,False,False
2024-06-10,Monday,June,0,6,0,False,True,False,False,False,False,False,False,False,False,False,False,False,True,False,False,False,False,False
2024-06-11,Tuesday,June,1,6,0,False,False,False,False,False,True,False,False,False,False,False,False,False,True,False,False,False,False,False
2024-06-12,Wednesday,June,2,6,0,False,False,False,False,False,False,True,False,False,False,False,False,False,True,False,False,False,False,False
2024-06-13,Thursday,June,3,6,0,False,False,False,False,True,False,False,False,False,False,False,False,False,True,False,False,False,False,False
2024-06-14,Friday,June,4,6,0,True,False,False,False,False,False,False,False,False,False,False,False,False,True,False,False,False,False,False
2024-06-15,Saturday,June,5,6,0,False,False,True,False,False,False,False,False,False,False,False,False,False,True,False,False,False,False,False
2024-06-16,Sunday,June,6,6,0,False,False,False,True,False,False,False,False,False,False,False,False,False,True,False,False,False,False,False
2024-06-17,Monday,June,0,6,0,False,True,False,False,False,False,False,False,False,False,False,False,False,True,False,False,False,False,False
2024-06-18,Tuesday,June,1,6,0,False,False,False,False,False,True,False,False,False,False,False,False,False,True,False,False,False,False,False
2024-06-19,Wednesday,June,2,6,0,False,False,False,False,False,False,True,False,False,False,False,False,False,True,False,False,False,False,False
2024-06-20,Thursday,June,3,6,0,False,False,False,False,True,False,False,False,False,False,False,False,False,True,False,False,False,False,False
2024-06-21,Friday,June,4,6,0,True,False,False,False,False,False,False,False,False,False,False,False,False,True,False,False,False,False,False
2024-06-22,Saturday,June,5,6,0,False,False,True,False,False,False,False,False,False,False,False,False,False,True,False,False,False,False,False
2024-06-23,Sunday,June,6,6,0,False,False,False,True,False,False,False,False,False,False,False,False,False,True,False,False,False,False,False
2024-06-24,Monday,June,0,6,0,False,True,False,False,False,False,False,False,False,False,False,False,False,True,False,False,False,False,False
2024-06-25,Tuesday,June,1,6,0,False,False,False,False,False,True,False,False,False,False,False,False,False,True,False,False,False,False,False
2024-06-26,Wednesday,June,2,6,0,False,False,False,False,False,False,True,False,False,False,False,False,False,True,False,False,False,False,False
2024-06-27,Thursday,June,3,6,0,False,False,False,False,True,False,False,False,False,False,False,False,False,True,False,False,False,False,False
2024-06-28,Friday,June,4,6,0,True,False,False,False,False,False,False,False,False,False,False,False,False,True,False,False,False,False,False
2024-06-29,Saturday,June,5,6,0,False,False,True,False,False,False,False,False,False,False,False,False,False,True,False,False,False,False,False
2024-06-30,Sunday,June,6,6,0,False,False,False,True,False,False,False,False,False,False,False,False,False,True,False,False,False,False,False
2024-07-01,Monday,July,0,7,0,False,True,False,False,False,False,False,False,False,False,False,False,True,False,False,False,False,False,False
2024-07-02,Tuesday,July,1,7,0,False,False,False,False,False,True,False,False,False,False,False,False,True,False,False,False,False,False,False
2024-07-03,Wednesday,July,2,7,0,False,False,False,False,False,False,True,False,False,False,False,False,True,False,False,False,False,False,False
2024-07-04,Thursday,July,3,7,0,False,False,False,False,True,False,False,False,False,False,False,False,True,False,False,False,False,False,False
2024-07-05,Friday,July,4,7,0,True,False,False,False,False,False,False,False,False,False,False,False,True,False,False,False,False,False,False
2024-07-06,Saturday,July,5,7,0,False,False,True,False,False,False,False,False,False,False,False,False,True,False,False,False,False,False,False
2024-07-07,Sunday,July,6,7,0,False,False,False,True,False,False,False,False,False,False,False,False,True,False,False,False,False,False,False
2024-07-08,Monday,July,0,7,0,False,True,False,False,False,False,False,False,False,False,False,False,True,False,False,False,False,False,False
2024-07-09,Tuesday,July,1,7,0,False,False,False,False,False,True,False,False,False,False,False,False,True,False,False,False,False,False,False
2024-07-10,Wednesday,July,2,7,0,False,False,False,False,False,False,True,False,False,False,False,False,True,False,False,False,False,False,False
2024-07-11,Thursday,July,3,7,0,False,False,False,False,True,False,False,False,False,False,False,False,True,False,False,False,False,False,False
2024-07-12,Friday,July,4,7,0,True,False,False,False,False,False,False,False,False,False,False,False,True,False,False,False,False,False,False
2024-07-13,Saturday,July,5,7,0,False,False,True,False,False,False,False,False,False,False,False,False,True,False,False,False,False,False,False
2024-07-14,Sunday,July,6,7,0,False,False,False,True,False,False,False,False,False,False,False,False,True,False,False,False,False,False,False
2024-07-15,Monday,July,0,7,0,False,True,False,False,False,False,False,False,False,False,False,False,True,False,False,False,False,False,False
2024-07-16,Tuesday,July,1,7,0,False,False,False,False,False,True,False,False,False,False,False,False,True,False,False,False,False,False,False
2024-07-17,Wednesday,July,2,7,0,False,False,False,False,False,False,True,False,False,False,False,False,True,False,False,False,False,False,False
2024-07-18,Thursday,July,3,7,0,False,False,False,False,True,False,False,False,False,False,False,False,True,False,False,False,False,False,False
2024-07-19,Friday,July,4,7,0,True,False,False,False,False,False,False,False,False,False,False,False,True,False,False,False,False,False,False
2024-07-20,Saturday,July,5,7,0,False,False,True,False,False,False,False,False,False,False,False,False,True,False,False,False,False,False,False
2024-07-21,Sunday,July,6,7,0,False,False,False,True,False,False,False,False,False,False,False,False,True,False,False,False,False,False,False
2024-07-22,Monday,July,0,7,0,False,True,False,False,False,False,False,False,False,False,False,False,True,False,False,False,False,False,False
2024-07-23,Tuesday,July,1,7,0,False,False,False,False,False,True,False,False,False,False,False,False,True,False,False,False,False,False,False
2024-07-24,Wednesday,July,2,7,0,False,False,False,False,False,False,True,False,False,False,False,False,True,False,False,False,False,False,False
2024-07-25,Thursday,July,3,7,0,False,False,False,False,True,False,False,False,False,False,False,False,True,False,False,False,False,False,False
2024-07-26,Friday,July,4,7,0,True,False,False,False,False,False,False,False,False,False,False,False,True,False,False,False,False,False,False
2024-07-27,Saturday,July,5,7,0,False,False,True,False,False,False,False,False,False,False,False,False,True,False,False,False,False,False,False
2024-07-28,Sunday,July,6,7,0,False,False,False,True,False,False,False,False,False,False,False,False,True,False,False,False,False,False,False
2024-07-29,Monday,July,0,7,0,False,True,False,False,False,False,False,False,False,False,False,False,True,False,False,False,False,False,False
2024-07-30,Tuesday,July,1,7,0,False,False,False,False,False,True,False,False,False,False,False,False,True,False,False,False,False,False,False
2024-07-31,Wednesday,July,2,7,0,False,False,False,False,False,False,True,False,False,False,False,False,True,False,False,False,False,False,False
2024-08-01,Thursday,August,3,8,0,False,False,False,False,True,False,False,False,True,False,False,False,False,False,False,False,False,False,False
2024-08-02,Friday,August,4,8,0,True,False,False,False,False,False,False,False,True,False,False,False,False,False,False,False,False,False,False
2024-08-03,Saturday,August,5,8,0,False,False,True,False,False,False,False,False,True,False,False,False,False,False,False,False,False,False,False
2024-08-04,Sunday,August,6,8,0,False,False,False,True,False,False,False,False,True,False,False,False,False,False,False,False,False,False,False
2024-08-05,Monday,August,0,8,0,False,True,False,False,False,False,False,False,True,False,False,False,False,False,False,False,False,False,False
2024-08-06,Tuesday,August,1,8,0,False,False,False,False,False,True,False,False,True,False,False,False,False,False,False,False,False,False,False
2024-08-07,Wednesday,August,2,8,0,False,False,False,False,False,False,True,False,True,False,False,False,False,False,False,False,False,False,False
2024-08-08,Thursday,August,3,8,0,False,False,False,False,True,False,False,False,True,False,False,False,False,False,False,False,False,False,False
2024-08-09,Friday,August,4,8,0,True,False,False,False,False,False,False,False,True,False,False,False,False,False,False,False,False,False,False
2024-08-10,Saturday,August,5,8,0,False,False,True,False,False,False,False,False,True,False,False,False,False,False,False,False,False,False,False
2024-08-11,Sunday,August,6,8,0,False,False,False,True,False,False,False,False,True,False,False,False,False,False,False,False,False,False,False
2024-08-12,Monday,August,0,8,0,False,True,False,False,False,False,False,False,True,False,False,False,False,False,False,False,False,False,False
2024-08-13,Tuesday,August,1,8,0,False,False,False,False,False,True,False,False,True,False,False,False,False,False,False,False,False,False,False
2024-08-14,Wednesday,August,2,8,0,False,False,False,False,False,False,True,False,True,False,False,False,False,False,False,False,False,False,False
2024-08-15,Thursday,August,3,8,0,False,False,False,False,True,False,False,False,True,False,False,False,False,False,False,False,False,False,False
2024-08-16,Friday,August,4,8,0,True,False,False,False,False,False,False,False,True,False,False,False,False,False,False,False,False,False,False
2024-08-17,Saturday,August,5,8,0,False,False,True,False,False,False,False,False,True,False,False,False,False,False,False,False,False,False,False
2024-08-18,Sunday,August,6,8,0,False,False,False,True,False,False,False,False,True,False,False,False,False,False,False,False,False,False,False
2024-08-19,Monday,August,0,8,0,False,True,False,False,False,False,False,False,True,False,False,False,False,False,False,False,False,False,False
2024-08-20,Tuesday,August,1,8,0,False,False,False,False,False,True,False,False,True,False,False,False,False,False,False,False,False,False,False
2024-08-21,Wednesday,August,2,8,0,False,False,False,False,False,False,True,False,True,False,False,False,False,False,False,False,False,False,False
2024-08-22,Thursday,August,3,8,0,False,False,False,False,True,False,False,False,True,False,False,False,False,False,False,False,False,False,False
2024-08-23,Friday,August,4,8,0,True,False,False,False,False,False,False,False,True,False,False,False,False,False,False,False,False,False,False
2024-08-24,Saturday,August,5,8,0,False,False,True,False,False,False,False,False,True,False,False,False,False,False,False,False,False,False,False
2024-08-25,Sunday,August,6,8,0,False,False,False,True,False,False,False,False,True,False,False,False,False,False,False,False,False,False,False
2024-08-26,Monday,August,0,8,0,False,True,False,False,False,False,False,False,True,False,False,False,False,False,False,False,False,False,False
2024-08-27,Tuesday,August,1,8,0,False,False,False,False,False,True,False,False,True,False,False,False,False,False,False,False,False,False,False
2024-08-28,Wednesday,August,2,8,0,False,False,False,False,False,False,True,False,True,False,False,False,False,False,False,False,False,False,False
2024-08-29,Thursday,August,3,8,0,False,False,False,False,True,False,False,False,True,False,False,False,False,False,False,False,False,False,False
2024-08-30,Friday,August,4,8,0,True,False,False,False,False,False,False,False,True,False,False,False,False,False,False,False,False,False,False
2024-08-31,Saturday,August,5,8,0,False,False,True,False,False,False,False,False,True,False,False,False,False,False,False,False,False,False,False
2024-09-01,Sunday,September,6,9,0,False,False,False,True,False,False,False,False,False,False,False,False,False,False,False,False,False,False,True
2024-09-02,Monday,September,0,9,0,False,True,False,False,False,False,False,False,False,False,False,False,False,False,False,False,False,False,True
2024-09-03,Tuesday,September,1,9,0,False,False,False,False,False,True,False,False,False,False,False,False,False,False,False,False,False,False,True
2024-09-04,Wednesday,September,2,9,0,False,False,False,False,False,False,True,False,False,False,False,False,False,False,False,False,False,False,True
2024-09-05,Thursday,September,3,9,0,False,False,False,False,True,False,False,False,False,False,False,False,False,False,False,False,False,False,True
2024-09-06,Friday,September,4,9,0,True,False,False,False,False,False,False,False,False,False,False,False,False,False,False,False,False,False,True
2024-09-07,Saturday,September,5,9,0,False,False,True,False,False,False,False,False,False,False,False,False,False,False,False,False,False,False,True
2024-09-08,Sunday,September,6,9,0,False,False,False,True,False,False,False,False,False,False,False,False,False,False,False,False,False,False,True
2024-09-09,Monday,September,0,9,0,False,True,False,False,False,False,False,False,False,False,False,False,False,False,False,False,False,False,True
2024-09-10,Tuesday,September,1,9,0,False,False,False,False,False,True,False,False,False,False,False,False,False,False,False,False,False,False,True
2024-09-11,Wednesday,September,2,9,0,False,False,False,False,False,False,True,False,False,False,False,False,False,False,False,False,False,False,True
2024-09-12,Thursday,September,3,9,0,False,False,False,False,True,False,False,False,False,False,False,False,False,False,False,False,False,False,True
2024-09-13,Friday,September,4,9,0,True,False,False,False,False,False,False,False,False,False,False,False,False,False,False,False,False,False,True
2024-09-14,Saturday,September,5,9,0,False,False,True,False,False,False,False,False,False,False,False,False,False,False,False,False,False,False,True
2024-09-15,Sunday,September,6,9,0,False,False,False,True,False,False,False,False,False,False,False,False,False,False,False,False,False,False,True
2024-09-16,Monday,September,0,9,0,False,True,False,False,False,False,False,False,False,False,False,False,False,False,False,False,False,False,True
2024-09-17,Tuesday,September,1,9,0,False,False,False,False,False,True,False,False,False,False,False,False,False,False,False,False,False,False,True
2024-09-18,Wednesday,September,2,9,0,False,False,False,False,False,False,True,False,False,False,False,False,False,False,False,False,False,False,True
2024-09-19,Thursday,September,3,9,0,False,False,False,False,True,False,False,False,False,False,False,False,False,False,False,False,False,False,True
2024-09-20,Friday,September,4,9,0,True,False,False,False,False,False,False,False,False,False,False,False,False,False,False,False,False,False,True
2024-09-21,Saturday,September,5,9,0,False,False,True,False,False,False,False,False,False,False,False,False,False,False,False,False,False,False,True
2024-09-22,Sunday,September,6,9,0,False,False,False,True,False,False,False,False,False,False,False,False,False,False,False,False,False,False,True
2024-09-23,Monday,September,0,9,0,False,True,False,False,False,False,False,False,False,False,False,False,False,False,False,False,False,False,True
2024-09-24,Tuesday,September,1,9,0,False,False,False,False,False,True,False,False,False,False,False,False,False,False,False,False,False,False,True
2024-09-25,Wednesday,September,2,9,0,False,False,False,False,False,False,True,False,False,False,False,False,False,False,False,False,False,False,True
2024-09-26,Thursday,September,3,9,0,False,False,False,False,True,False,False,False,False,False,False,False,False,False,False,False,False,False,True
2024-09-27,Friday,September,4,9,0,True,False,False,False,False,False,False,False,False,False,False,False,False,False,False,False,False,False,True
2024-09-28,Saturday,September,5,9,0,False,False,True,False,False,False,False,False,False,False,False,False,False,False,False,False,False,False,True
2024-09-29,Sunday,September,6,9,0,False,False,False,True,False,False,False,False,False,False,False,False,False,False,False,False,False,False,True
2024-09-30,Monday,September,0,9,0,False,True,False,False,False,False,False,False,False,False,False,False,False,False,False,False,False,False,True
2024-10-01,Tuesday,October,1,10,0,False,False,False,False,False,True,False,False,False,False,False,False,False,False,False,False,False,True,False
2024-10-02,Wednesday,October,2,10,0,False,False,False,False,False,False,True,False,False,False,False,False,False,False,False,False,False,True,False
2024-10-03,Thursday,October,3,10,0,False,False,False,False,True,False,False,False,False,False,False,False,False,False,False,False,False,True,False
2024-10-04,Friday,October,4,10,0,True,False,False,False,False,False,False,False,False,False,False,False,False,False,False,False,False,True,False
2024-10-05,Saturday,October,5,10,0,False,False,True,False,False,False,False,False,False,False,False,False,False,False,False,False,False,True,False
2024-10-06,Sunday,October,6,10,0,False,False,False,True,False,False,False,False,False,False,False,False,False,False,False,False,False,True,False
2024-10-07,Monday,October,0,10,0,False,True,False,False,False,False,False,False,False,False,False,False,False,False,False,False,False,True,False
2024-10-08,Tuesday,October,1,10,0,False,False,False,False,False,True,False,False,False,False,False,False,False,False,False,False,False,True,False
2024-10-09,Wednesday,October,2,10,0,False,False,False,False,False,False,True,False,False,False,False,False,False,False,False,False,False,True,False
2024-10-10,Thursday,October,3,10,0,False,False,False,False,True,False,False,False,False,False,False,False,False,False,False,False,False,True,False
2024-10-11,Friday,October,4,10,0,True,False,False,False,False,False,False,False,False,False,False,False,False,False,False,False,False,True,False
2024-10-12,Saturday,October,5,10,0,False,False,True,False,False,False,False,False,False,False,False,False,False,False,False,False,False,True,False
2024-10-13,Sunday,October,6,10,0,False,False,False,True,False,False,False,False,False,False,False,False,False,False,False,False,False,True,False
2024-10-14,Monday,October,0,10,0,False,True,False,False,False,False,False,False,False,False,False,False,False,False,False,False,False,True,False
2024-10-15,Tuesday,October,1,10,0,False,False,False,False,False,True,False,False,False,False,False,False,False,False,False,False,False,True,False
2024-10-16,Wednesday,October,2,10,0,False,False,False,False,False,False,True,False,False,False,False,False,False,False,False,False,False,True,False
2024-10-17,Thursday,October,3,10,0,False,False,False,False,True,False,False,False,False,False,False,False,False,False,False,False,False,True,False
2024-10-18,Friday,October,4,10,0,True,False,False,False,False,False,False,False,False,False,False,False,False,False,False,False,False,True,False
2024-10-19,Saturday,October,5,10,0,False,False,True,False,False,False,False,False,False,False,False,False,False,False,False,False,False,True,False
2024-10-20,Sunday,October,6,10,0,False,False,False,True,False,False,False,False,False,False,False,False,False,False,False,False,False,True,False
2024-10-21,Monday,October,0,10,0,False,True,False,False,False,False,False,False,False,False,False,False,False,False,False,False,False,True,False
2024-10-22,Tuesday,October,1,10,0,False,False,False,False,False,True,False,False,False,False,False,False,False,False,False,False,False,True,False
2024-10-23,Wednesday,October,2,10,0,False,False,False,False,False,False,True,False,False,False,False,False,False,False,False,False,False,True,False
2024-10-24,Thursday,October,3,10,0,False,False,False,False,True,False,False,False,False,False,False,False,False,False,False,False,False,True,False
2024-10-25,Friday,October,4,10,0,True,False,False,False,False,False,False,False,False,False,False,False,False,False,False,False,False,True,False
2024-10-26,Saturday,October,5,10,0,False,False,True,False,False,False,False,False,False,False,False,False,False,False,False,False,False,True,False
2024-10-27,Sunday,October,6,10,0,False,False,False,True,False,False,False,False,False,False,False,False,False,False,False,False,False,True,False
2024-10-28,Monday,October,0,10,0,False,True,False,False,False,False,False,False,False,False,False,False,False,False,False,False,False,True,False
2024-10-29,Tuesday,October,1,10,0,False,False,False,False,False,True,False,False,False,False,False,False,False,False,False,False,False,True,False
2024-10-30,Wednesday,October,2,10,0,False,False,False,False,False,False,True,False,False,False,False,False,False,False,False,False,False,True,False
2024-10-31,Thursday,October,3,10,0,False,False,False,False,True,False,False,False,False,False,False,False,False,False,False,False,False,True,False
2024-11-01,Friday,November,4,11,0,True,False,False,False,False,False,False,False,False,False,False,False,False,False,False,False,True,False,False
2024-11-02,Saturday,November,5,11,0,False,False,True,False,False,False,False,False,False,False,False,False,False,False,False,False,True,False,False
2024-11-03,Sunday,November,6,11,0,False,False,False,True,False,False,False,False,False,False,False,False,False,False,False,False,True,False,False
2024-11-04,Monday,November,0,11,0,False,True,False,False,False,False,False,False,False,False,False,False,False,False,False,False,True,False,False
2024-11-05,Tuesday,November,1,11,0,False,False,False,False,False,True,False,False,False,False,False,False,False,False,False,False,True,False,False
2024-11-06,Wednesday,November,2,11,0,False,False,False,False,False,False,True,False,False,False,False,False,False,False,False,False,True,False,False
2024-11-07,Thursday,November,3,11,0,False,False,False,False,True,False,False,False,False,False,False,False,False,False,False,False,True,False,False
2024-11-08,Friday,November,4,11,0,True,False,False,False,False,False,False,False,False,False,False,False,False,False,False,False,True,False,False
2024-11-09,Saturday,November,5,11,0,False,False,True,False,False,False,False,False,False,False,False,False,False,False,False,False,True,False,False
2024-11-10,Sunday,November,6,11,0,False,False,False,True,False,False,False,False,False,False,False,False,False,False,False,False,True,False,False
2024-11-11,Monday,November,0,11,0,False,True,False,False,False,False,False,False,False,False,False,False,False,False,False,False,True,False,False
2024-11-12,Tuesday,November,1,11,0,False,False,False,False,False,True,False,False,False,False,False,False,False,False,False,False,True,False,False
2024-11-13,Wednesday,November,2,11,0,False,False,False,False,False,False,True,False,False,False,False,False,False,False,False,False,True,False,False
2024-11-14,Thursday,November,3,11,0,False,False,False,False,True,False,False,False,False,False,False,False,False,False,False,False,True,False,False
2024-11-15,Friday,November,4,11,0,True,False,False,False,False,False,False,False,False,False,False,False,False,False,False,False,True,False,False
2024-11-16,Saturday,November,5,11,0,False,False,True,False,False,False,False,False,False,False,False,False,False,False,False,False,True,False,False
2024-11-17,Sunday,November,6,11,0,False,False,False,True,False,False,False,False,False,False,False,False,False,False,False,False,True,False,False
2024-11-18,Monday,November,0,11,0,False,True,False,False,False,False,False,False,False,False,False,False,False,False,False,False,True,False,False
2024-11-19,Tuesday,November,1,11,0,False,False,False,False,False,True,False,False,False,False,False,False,False,False,False,False,True,False,False
2024-11-20,Wednesday,November,2,11,0,False,False,False,False,False,False,True,False,False,False,False,False,False,False,False,False,True,False,False
2024-11-21,Thursday,November,3,11,0,False,False,False,False,True,False,False,False,False,False,False,False,False,False,False,False,True,False,False
2024-11-22,Friday,November,4,11,0,True,False,False,False,False,False,False,False,False,False,False,False,False,False,False,False,True,False,False
2024-11-23,Saturday,November,5,11,0,False,False,True,False,False,False,False,False,False,False,False,False,False,False,False,False,True,False,False
2024-11-24,Sunday,November,6,11,0,False,False,False,True,False,False,False,False,False,False,False,False,False,False,False,False,True,False,False
2024-11-25,Monday,November,0,11,0,False,True,False,False,False,False,False,False,False,False,False,False,False,False,False,False,True,False,False
2024-11-26,Tuesday,November,1,11,0,False,False,False,False,False,True,False,False,False,False,False,False,False,False,False,False,True,False,False
2024-11-27,Wednesday,November,2,11,0,False,False,False,False,False,False,True,False,False,False,False,False,False,False,False,False,True,False,False
2024-11-28,Thursday,November,3,11,0,False,False,False,False,True,False,False,False,False,False,False,False,False,False,False,False,True,False,False
2024-11-29,Friday,November,4,11,0,True,False,False,False,False,False,False,False,False,False,False,False,False,False,False,False,True,False,False
2024-11-30,Saturday,November,5,11,0,False,False,True,False,False,False,False,False,False,False,False,False,False,False,False,False,True,False,False
2024-12-01,Sunday,December,6,12,0,False,False,False,True,False,False,False,False,False,True,False,False,False,False,False,False,False,False,False
2024-12-02,Monday,December,0,12,0,False,True,False,False,False,False,False,False,False,True,False,False,False,False,False,False,False,False,False
2024-12-03,Tuesday,December,1,12,0,False,False,False,False,False,True,False,False,False,True,False,False,False,False,False,False,False,False,False
2024-12-04,Wednesday,December,2,12,0,False,False,False,False,False,False,True,False,False,True,False,False,False,False,False,False,False,False,False
2024-12-05,Thursday,December,3,12,0,False,False,False,False,True,False,False,False,False,True,False,False,False,False,False,False,False,False,False
2024-12-06,Friday,December,4,12,0,True,False,False,False,False,False,False,False,False,True,False,False,False,False,False,False,False,False,False
2024-12-07,Saturday,December,5,12,0,False,False,True,False,False,False,False,False,False,True,False,False,False,False,False,False,False,False,False
2024-12-08,Sunday,December,6,12,0,False,False,False,True,False,False,False,False,False,True,False,False,False,False,False,False,False,False,False
2024-12-09,Monday,December,0,12,0,False,True,False,False,False,False,False,False,False,True,False,False,False,False,False,False,False,False,False
2024-12-10,Tuesday,December,1,12,0,False,False,False,False,False,True,False,False,False,True,False,False,False,False,False,False,False,False,False
2024-12-11,Wednesday,December,2,12,0,False,False,False,False,False,False,True,False,False,True,False,False,False,False,False,False,False,False,False
2024-12-12,Thursday,December,3,12,0,False,False,False,False,True,False,False,False,False,True,False,False,False,False,False,False,False,False,False
2024-12-13,Friday,December,4,12,0,True,False,False,False,False,False,False,False,False,True,False,False,False,False,False,False,False,False,False
2024-12-14,Saturday,December,5,12,0,False,False,True,False,False,False,False,False,False,True,False,False,False,False,False,False,False,False,False
2024-12-15,Sunday,December,6,12,0,False,False,False,True,False,False,False,False,False,True,False,False,False,False,False,False,False,False,False
2024-12-16,Monday,December,0,12,0,False,True,False,False,False,False,False,False,False,True,False,False,False,False,False,False,False,False,False
2024-12-17,Tuesday,December,1,12,0,False,False,False,False,False,True,False,False,False,True,False,False,False,False,False,False,False,False,False
2024-12-18,Wednesday,December,2,12,0,False,False,False,False,False,False,True,False,False,True,False,False,False,False,False,False,False,False,False
2024-12-19,Thursday,December,3,12,0,False,False,False,False,True,False,False,False,False,True,False,False,False,False,False,False,False,False,False
2024-12-20,Friday,December,4,12,0,True,False,False,False,False,False,False,False,False,True,False,False,False,False,False,False,False,False,False
2024-12-21,Saturday,December,5,12,0,False,False,True,False,False,False,False,False,False,True,False,False,False,False,False,False,False,False,False
2024-12-22,Sunday,December,6,12,0,False,False,False,True,False,False,False,False,False,True,False,False,False,False,False,False,False,False,False
2024-12-23,Monday,December,0,12,0,False,True,False,False,False,False,False,False,False,True,False,False,False,False,False,False,False,False,False
2024-12-24,Tuesday,December,1,12,0,False,False,False,False,False,True,False,False,False,True,False,False,False,False,False,False,False,False,False
2024-12-25,Wednesday,December,2,12,0,False,False,False,False,False,False,True,False,False,True,False,False,False,False,False,False,False,False,False
2024-12-26,Thursday,December,3,12,0,False,False,False,False,True,False,False,False,False,True,False,False,False,False,False,False,False,False,False
2024-12-27,Friday,December,4,12,0,True,False,False,False,False,False,False,False,False,True,False,False,False,False,False,False,False,False,False
2024-12-28,Saturday,December,5,12,0,False,False,True,False,False,False,False,False,False,True,False,False,False,False,False,False,False,False,False
2024-12-29,Sunday,December,6,12,0,False,False,False,True,False,False,False,False,False,True,False,False,False,False,False,False,False,False,False
2024-12-30,Monday,December,0,12,0,False,True,False,False,False,False,False,False,False,True,False,False,False,False,False,False,False,False,False
2024-12-31,Tuesday,December,1,12,0,False,False,False,False,False,True,False,False,False,True,False,False,False,False,False,False,False,False,False
