sales,profit,year,month,day,quarter,is_holiday,category_Clothing,category_Electronics,category_Food,city_Islamabad,city_Karachi,city_Lahore,Month,Is_Weekend,category_Electronics,category_Food,city_Karachi,city_Lahore,DayOfWeek_Monday,DayOfWeek_Saturday,DayOfWeek_Sunday,DayOfWeek_Thursday,DayOfWeek_Tuesday,DayOfWeek_Wednesday
4954,836,2025,1,1,1,1,0,0,1,0,1,0,1,0,False,True,True,False,False,False,False,False,False,True
342,908,2025,1,2,1,0,0,1,0,0,1,0,1,0,True,False,True,False,False,False,False,True,False,False
2690,363,2025,1,3,1,0,0,0,1,1,0,0,1,0,False,True,False,False,False,False,False,False,False,False
1163,983,2025,1,4,1,0,0,0,1,0,1,0,1,1,False,True,True,False,False,True,False,False,False,False
4424,159,2025,1,5,1,0,0,1,0,0,0,1,1,1,True,False,False,True,False,False,True,False,False,False
2695,206,2025,1,6,1,0,0,1,0,0,0,1,1,0,True,False,False,True,True,False,False,False,False,False
1019,824,2025,1,7,1,0,0,0,1,0,0,1,1,0,False,True,False,True,False,False,False,False,True,False
105,80,2025,1,8,1,0,1,0,0,1,0,0,1,0,False,False,False,False,False,False,False,False,False,True
567,958,2025,1,9,1,0,0,0,1,0,1,0,1,0,False,True,True,False,False,False,False,True,False,False
4270,399,2025,1,10,1,0,0,0,1,0,0,1,1,0,False,True,False,True,False,False,False,False,False,False
103,729,2025,1,11,1,0,0,0,1,1,0,0,1,1,False,True,False,False,False,True,False,False,False,False
745,826,2025,1,12,1,0,0,0,1,0,1,0,1,1,False,True,True,False,False,False,True,False,False,False
217,459,2025,1,13,1,0,0,1,0,1,0,0,1,0,True,False,False,False,True,False,False,False,False,False
3028,338,2025,1,14,1,0,0,0,1,0,0,1,1,0,False,True,False,True,False,False,False,False,True,False
2651,321,2025,1,15,1,0,1,0,0,0,0,1,1,0,False,False,False,True,False,False,False,False,False,True
4389,363,2025,1,16,1,0,0,1,0,0,0,1,1,0,True,False,False,True,False,False,False,True,False,False
946,30,2025,1,17,1,0,1,0,0,1,0,0,1,0,False,False,False,False,False,False,False,False,False,False
2862,81,2025,1,18,1,0,1,0,0,1,0,0,1,1,False,False,False,False,False,True,False,False,False,False
1241,864,2025,1,19,1,0,1,0,0,0,0,1,1,1,False,False,False,True,False,False,True,False,False,False
1910,245,2025,1,20,1,0,1,0,0,1,0,0,1,0,False,False,False,False,True,False,False,False,False,False
823,172,2025,1,21,1,0,0,1,0,0,0,1,1,0,True,False,False,True,False,False,False,False,True,False
324,730,2025,1,22,1,0,0,1,0,0,0,1,1,0,True,False,False,True,False,False,False,False,False,True
4727,583,2025,1,23,1,0,1,0,0,0,1,0,1,0,False,False,True,False,False,False,False,True,False,False
4308,791,2025,1,24,1,0,1,0,0,1,0,0,1,0,False,False,False,False,False,False,False,False,False,False
4754,590,2025,1,25,1,0,0,1,0,0,0,1,1,1,True,False,False,True,False,True,False,False,False,False
2148,603,2025,1,26,1,0,0,1,0,0,0,1,1,1,True,False,False,True,False,False,True,False,False,False
4849,679,2025,1,27,1,0,0,1,0,1,0,0,1,0,True,False,False,False,True,False,False,False,False,False
4515,880,2025,1,28,1,0,0,0,1,0,1,0,1,0,False,True,True,False,False,False,False,False,True,False
1673,594,2025,1,29,1,0,0,0,1,0,1,0,1,0,False,True,True,False,False,False,False,False,False,True
1928,329,2025,1,30,1,0,0,0,1,0,0,1,1,0,False,True,False,True,False,False,False,True,False,False
2017,904,2025,1,31,1,0,1,0,0,1,0,0,1,0,False,False,False,False,False,False,False,False,False,False
4334,262,2025,2,1,1,0,0,0,1,0,1,0,2,1,False,True,True,False,False,True,False,False,False,False
2126,512,2025,2,2,1,0,1,0,0,1,0,0,2,1,False,False,False,False,False,False,True,False,False,False
3844,385,2025,2,3,1,0,1,0,0,1,0,0,2,0,False,False,False,False,True,False,False,False,False,False
1001,349,2025,2,4,1,0,0,0,1,0,0,1,2,0,False,True,False,True,False,False,False,False,True,False
4885,126,2025,2,5,1,0,1,0,0,0,1,0,2,0,False,False,True,False,False,False,False,False,False,True
2139,245,2025,2,6,1,0,0,0,1,0,0,1,2,0,False,True,False,True,False,False,False,True,False,False
109,844,2025,2,7,1,0,0,0,1,0,1,0,2,0,False,True,True,False,False,False,False,False,False,False
360,237,2025,2,8,1,0,0,1,0,0,1,0,2,1,True,False,True,False,False,True,False,False,False,False
1773,956,2025,2,9,1,0,0,0,1,0,1,0,2,1,False,True,True,False,False,False,True,False,False,False
2319,772,2025,2,10,1,0,0,1,0,0,1,0,2,0,True,False,True,False,True,False,False,False,False,False
2160,525,2025,2,11,1,0,0,0,1,0,1,0,2,0,False,True,True,False,False,False,False,False,True,False
3813,278,2025,2,12,1,0,0,0,1,1,0,0,2,0,False,True,False,False,False,False,False,False,False,True
1719,907,2025,2,13,1,0,0,1,0,0,0,1,2,0,True,False,False,True,False,False,False,True,False,False
420,793,2025,2,14,1,0,0,1,0,1,0,0,2,0,True,False,False,False,False,False,False,False,False,False
1442,536,2025,2,15,1,0,0,0,1,0,1,0,2,1,False,True,True,False,False,True,False,False,False,False
2476,792,2025,2,16,1,0,1,0,0,0,0,1,2,1,False,False,False,True,False,False,True,False,False,False
2932,73,2025,2,17,1,0,0,1,0,0,1,0,2,0,True,False,True,False,True,False,False,False,False,False
2924,66,2025,2,18,1,0,1,0,0,0,0,1,2,0,False,False,False,True,False,False,False,False,True,False
2094,746,2025,2,19,1,0,1,0,0,1,0,0,2,0,False,False,False,False,False,False,False,False,False,True
3058,708,2025,2,20,1,0,1,0,0,0,0,1,2,0,False,False,False,True,False,False,False,True,False,False
2138,540,2025,2,21,1,0,0,1,0,0,0,1,2,0,True,False,False,True,False,False,False,False,False,False
3590,118,2025,2,22,1,0,1,0,0,0,0,1,2,1,False,False,False,True,False,True,False,False,False,False
3777,39,2025,2,23,1,0,0,1,0,0,0,1,2,1,True,False,False,True,False,False,True,False,False,False
1218,909,2025,2,24,1,0,1,0,0,0,0,1,2,0,False,False,False,True,True,False,False,False,False,False
1704,772,2025,2,25,1,0,0,0,1,0,1,0,2,0,False,True,True,False,False,False,False,False,True,False
4127,592,2025,2,26,1,0,0,0,1,0,0,1,2,0,False,True,False,True,False,False,False,False,False,True
335,910,2025,2,27,1,0,0,1,0,0,0,1,2,0,True,False,False,True,False,False,False,True,False,False
2069,509,2025,2,28,1,0,0,0,1,1,0,0,2,0,False,True,False,False,False,False,False,False,False,False
4529,438,2025,3,1,1,0,0,0,1,0,0,1,3,1,False,True,False,True,False,True,False,False,False,False
2008,709,2025,3,2,1,0,1,0,0,1,0,0,3,1,False,False,False,False,False,False,True,False,False,False
475,869,2025,3,3,1,0,0,1,0,0,1,0,3,0,True,False,True,False,True,False,False,False,False,False
3630,81,2025,3,4,1,0,1,0,0,0,0,1,3,0,False,False,False,True,False,False,False,False,True,False
2735,164,2025,3,5,1,0,1,0,0,1,0,0,3,0,False,False,False,False,False,False,False,False,False,True
1670,235,2025,3,6,1,0,1,0,0,1,0,0,3,0,False,False,False,False,False,False,False,True,False,False
2660,22,2025,3,7,1,0,1,0,0,0,1,0,3,0,False,False,True,False,False,False,False,False,False,False
3491,179,2025,3,8,1,0,1,0,0,0,0,1,3,1,False,False,False,True,False,True,False,False,False,False
3065,758,2025,3,9,1,0,1,0,0,0,0,1,3,1,False,False,False,True,False,False,True,False,False,False
3743,800,2025,3,10,1,0,1,0,0,1,0,0,3,0,False,False,False,False,True,False,False,False,False,False
3950,139,2025,3,11,1,0,0,1,0,0,0,1,3,0,True,False,False,True,False,False,False,False,True,False
972,912,2025,3,12,1,0,0,0,1,1,0,0,3,0,False,True,False,False,False,False,False,False,False,True
1352,108,2025,3,13,1,0,1,0,0,0,0,1,3,0,False,False,False,True,False,False,False,True,False,False
1414,348,2025,3,14,1,0,1,0,0,1,0,0,3,0,False,False,False,False,False,False,False,False,False,False
4920,599,2025,3,15,1,0,1,0,0,0,0,1,3,1,False,False,False,True,False,True,False,False,False,False
2998,929,2025,3,16,1,0,1,0,0,0,1,0,3,1,False,False,True,False,False,False,True,False,False,False
177,376,2025,3,17,1,0,1,0,0,0,0,1,3,0,False,False,False,True,True,False,False,False,False,False
2721,629,2025,3,18,1,0,1,0,0,0,0,1,3,0,False,False,False,True,False,False,False,False,True,False
4327,286,2025,3,19,1,0,0,0,1,0,1,0,3,0,False,True,True,False,False,False,False,False,False,True
700,636,2025,3,20,1,0,0,0,1,0,0,1,3,0,False,True,False,True,False,False,False,True,False,False
1165,971,2025,3,21,1,0,1,0,0,0,1,0,3,0,False,False,True,False,False,False,False,False,False,False
2236,342,2025,3,22,1,0,0,0,1,0,0,1,3,1,False,True,False,True,False,True,False,False,False,False
2549,654,2025,3,23,1,0,0,1,0,1,0,0,3,1,True,False,False,False,False,False,True,False,False,False
2443,560,2025,3,24,1,0,1,0,0,1,0,0,3,0,False,False,False,False,True,False,False,False,False,False
1963,668,2025,3,25,1,0,0,1,0,0,0,1,3,0,True,False,False,True,False,False,False,False,True,False
1418,214,2025,3,26,1,0,0,1,0,0,0,1,3,0,True,False,False,True,False,False,False,False,False,True
4811,940,2025,3,27,1,0,1,0,0,0,0,1,3,0,False,False,False,True,False,False,False,True,False,False
3697,757,2025,3,28,1,0,0,0,1,1,0,0,3,0,False,True,False,False,False,False,False,False,False,False
3862,351,2025,3,29,1,0,0,1,0,0,0,1,3,1,True,False,False,True,False,True,False,False,False,False
4770,189,2025,3,30,1,0,1,0,0,1,0,0,3,1,False,False,False,False,False,False,True,False,False,False
2290,540,2025,3,31,1,0,0,1,0,0,1,0,3,0,True,False,True,False,True,False,False,False,False,False
1092,482,2025,4,1,2,0,0,1,0,1,0,0,4,0,True,False,False,False,False,False,False,False,True,False
2812,59,2025,4,2,2,0,0,1,0,1,0,0,4,0,True,False,False,False,False,False,False,False,False,True
2292,556,2025,4,3,2,0,0,1,0,0,1,0,4,0,True,False,True,False,False,False,False,True,False,False
1348,280,2025,4,4,2,0,0,0,1,1,0,0,4,0,False,True,False,False,False,False,False,False,False,False
3154,414,2025,4,5,2,0,0,1,0,0,0,1,4,1,True,False,False,True,False,True,False,False,False,False
4698,974,2025,4,6,2,0,0,1,0,0,0,1,4,1,True,False,False,True,False,False,True,False,False,False
4133,245,2025,4,7,2,0,0,1,0,1,0,0,4,0,True,False,False,False,True,False,False,False,False,False
2097,143,2025,4,8,2,0,0,0,1,0,0,1,4,0,False,True,False,True,False,False,False,False,True,False
3787,994,2025,4,9,2,0,0,1,0,1,0,0,4,0,True,False,False,False,False,False,False,False,False,True
2251,57,2025,4,10,2,0,0,1,0,0,0,1,4,0,True,False,False,True,False,False,False,True,False,False
4118,347,2025,4,11,2,0,0,0,1,0,0,1,4,0,False,True,False,True,False,False,False,False,False,False
3210,270,2025,4,12,2,0,0,0,1,1,0,0,4,1,False,True,False,False,False,True,False,False,False,False
2070,920,2025,4,13,2,0,0,0,1,0,0,1,4,1,False,True,False,True,False,False,True,False,False,False
297,195,2025,4,14,2,0,0,1,0,1,0,0,4,0,True,False,False,False,True,False,False,False,False,False
2726,621,2025,4,15,2,0,0,0,1,0,0,1,4,0,False,True,False,True,False,False,False,False,True,False
1302,933,2025,4,16,2,0,0,0,1,0,0,1,4,0,False,True,False,True,False,False,False,False,False,True
2135,473,2025,4,17,2,0,0,1,0,0,1,0,4,0,True,False,True,False,False,False,False,True,False,False
577,56,2025,4,18,2,0,0,0,1,0,1,0,4,0,False,True,True,False,False,False,False,False,False,False
1354,335,2025,4,19,2,0,0,1,0,1,0,0,4,1,True,False,False,False,False,True,False,False,False,False
1022,707,2025,4,20,2,0,1,0,0,0,1,0,4,1,False,False,True,False,False,False,True,False,False,False
519,992,2025,4,21,2,0,0,0,1,1,0,0,4,0,False,True,False,False,True,False,False,False,False,False
2304,815,2025,4,22,2,0,1,0,0,0,1,0,4,0,False,False,True,False,False,False,False,False,True,False
2697,984,2025,4,23,2,0,0,1,0,0,0,1,4,0,True,False,False,True,False,False,False,False,False,True
1220,992,2025,4,24,2,0,0,0,1,1,0,0,4,0,False,True,False,False,False,False,False,True,False,False
3168,612,2025,4,25,2,0,0,1,0,1,0,0,4,0,True,False,False,False,False,False,False,False,False,False
1050,133,2025,4,26,2,0,1,0,0,0,0,1,4,1,False,False,False,True,False,True,False,False,False,False
2436,59,2025,4,27,2,0,0,1,0,1,0,0,4,1,True,False,False,False,False,False,True,False,False,False
2343,320,2025,4,28,2,0,0,0,1,1,0,0,4,0,False,True,False,False,True,False,False,False,False,False
2745,243,2025,4,29,2,0,0,0,1,0,1,0,4,0,False,True,True,False,False,False,False,False,True,False
1957,337,2025,4,30,2,0,1,0,0,1,0,0,4,0,False,False,False,False,False,False,False,False,False,True
4712,368,2025,5,1,2,0,0,1,0,0,0,1,5,0,True,False,False,True,False,False,False,True,False,False
1965,134,2025,5,2,2,0,0,0,1,0,1,0,5,0,False,True,True,False,False,False,False,False,False,False
3012,717,2025,5,3,2,0,1,0,0,0,1,0,5,1,False,False,True,False,False,True,False,False,False,False
2953,342,2025,5,4,2,0,0,0,1,0,0,1,5,1,False,True,False,True,False,False,True,False,False,False
3328,587,2025,5,5,2,0,0,0,1,0,0,1,5,0,False,True,False,True,True,False,False,False,False,False
3819,59,2025,5,6,2,0,0,1,0,0,1,0,5,0,True,False,True,False,False,False,False,False,True,False
3328,885,2025,5,7,2,0,0,0,1,1,0,0,5,0,False,True,False,False,False,False,False,False,False,True
2471,59,2025,5,8,2,0,0,1,0,0,1,0,5,0,True,False,True,False,False,False,False,True,False,False
2991,878,2025,5,9,2,0,0,0,1,0,0,1,5,0,False,True,False,True,False,False,False,False,False,False
3856,992,2025,5,10,2,0,1,0,0,0,1,0,5,1,False,False,True,False,False,True,False,False,False,False
4325,768,2025,5,11,2,0,0,0,1,0,0,1,5,1,False,True,False,True,False,False,True,False,False,False
194,308,2025,5,12,2,0,0,1,0,0,1,0,5,0,True,False,True,False,True,False,False,False,False,False
2774,281,2025,5,13,2,0,0,1,0,1,0,0,5,0,True,False,False,False,False,False,False,False,True,False
2055,235,2025,5,14,2,0,1,0,0,0,1,0,5,0,False,False,True,False,False,False,False,False,False,True
893,166,2025,5,15,2,0,0,0,1,0,1,0,5,0,False,True,True,False,False,False,False,True,False,False
1934,355,2025,5,16,2,0,0,0,1,0,0,1,5,0,False,True,False,True,False,False,False,False,False,False
2216,187,2025,5,17,2,0,1,0,0,0,0,1,5,1,False,False,False,True,False,True,False,False,False,False
4206,111,2025,5,18,2,0,0,0,1,0,0,1,5,1,False,True,False,True,False,False,True,False,False,False
3425,372,2025,5,19,2,0,0,0,1,0,1,0,5,0,False,True,True,False,True,False,False,False,False,False
3019,590,2025,5,20,2,0,0,1,0,1,0,0,5,0,True,False,False,False,False,False,False,False,True,False
2697,590,2025,5,21,2,0,0,0,1,0,0,1,5,0,False,True,False,True,False,False,False,False,False,True
3305,835,2025,5,22,2,0,0,0,1,0,0,1,5,0,False,True,False,True,False,False,False,True,False,False
4907,700,2025,5,23,2,0,1,0,0,0,1,0,5,0,False,False,True,False,False,False,False,False,False,False
914,800,2025,5,24,2,0,1,0,0,0,0,1,5,1,False,False,False,True,False,True,False,False,False,False
445,382,2025,5,25,2,0,0,1,0,1,0,0,5,1,True,False,False,False,False,False,True,False,False,False
2449,576,2025,5,26,2,0,0,0,1,1,0,0,5,0,False,True,False,False,True,False,False,False,False,False
462,364,2025,5,27,2,0,0,0,1,0,0,1,5,0,False,True,False,True,False,False,False,False,True,False
2543,712,2025,5,28,2,0,0,0,1,0,0,1,5,0,False,True,False,True,False,False,False,False,False,True
2365,189,2025,5,29,2,0,0,1,0,0,1,0,5,0,True,False,True,False,False,False,False,True,False,False
2288,375,2025,5,30,2,0,0,1,0,1,0,0,5,0,True,False,False,False,False,False,False,False,False,False
3105,210,2025,5,31,2,0,1,0,0,1,0,0,5,1,False,False,False,False,False,True,False,False,False,False
3381,686,2025,6,1,2,0,0,1,0,0,0,1,6,1,True,False,False,True,False,False,True,False,False,False
1084,441,2025,6,2,2,0,0,0,1,0,1,0,6,0,False,True,True,False,True,False,False,False,False,False
1739,719,2025,6,3,2,0,0,0,1,1,0,0,6,0,False,True,False,False,False,False,False,False,True,False
927,26,2025,6,4,2,0,0,1,0,1,0,0,6,0,True,False,False,False,False,False,False,False,False,True
2830,152,2025,6,5,2,0,0,0,1,0,1,0,6,0,False,True,True,False,False,False,False,True,False,False
3631,766,2025,6,6,2,0,0,0,1,0,1,0,6,0,False,True,True,False,False,False,False,False,False,False
4551,576,2025,6,7,2,0,0,1,0,1,0,0,6,1,True,False,False,False,False,True,False,False,False,False
3035,845,2025,6,8,2,0,0,1,0,1,0,0,6,1,True,False,False,False,False,False,True,False,False,False
3976,780,2025,6,9,2,0,0,0,1,0,1,0,6,0,False,True,True,False,True,False,False,False,False,False
226,50,2025,6,10,2,0,0,0,1,1,0,0,6,0,False,True,False,False,False,False,False,False,True,False
3277,554,2025,6,11,2,0,0,0,1,0,0,1,6,0,False,True,False,True,False,False,False,False,False,True
3156,445,2025,6,12,2,0,1,0,0,0,0,1,6,0,False,False,False,True,False,False,False,True,False,False
703,413,2025,6,13,2,0,1,0,0,0,1,0,6,0,False,False,True,False,False,False,False,False,False,False
3549,691,2025,6,14,2,0,1,0,0,0,1,0,6,1,False,False,True,False,False,True,False,False,False,False
4246,382,2025,6,15,2,0,0,1,0,0,1,0,6,1,True,False,True,False,False,False,True,False,False,False
3633,456,2025,6,16,2,0,1,0,0,0,0,1,6,0,False,False,False,True,True,False,False,False,False,False
3467,689,2025,6,17,2,0,0,1,0,1,0,0,6,0,True,False,False,False,False,False,False,False,True,False
3468,570,2025,6,18,2,0,0,1,0,0,0,1,6,0,True,False,False,True,False,False,False,False,False,True
3897,946,2025,6,19,2,0,1,0,0,1,0,0,6,0,False,False,False,False,False,False,False,True,False,False
1892,101,2025,6,20,2,0,1,0,0,0,0,1,6,0,False,False,False,True,False,False,False,False,False,False
2961,375,2025,6,21,2,0,1,0,0,1,0,0,6,1,False,False,False,False,False,True,False,False,False,False
3576,277,2025,6,22,2,0,0,0,1,0,0,1,6,1,False,True,False,True,False,False,True,False,False,False
3517,737,2025,6,23,2,0,1,0,0,0,1,0,6,0,False,False,True,False,True,False,False,False,False,False
1745,608,2025,6,24,2,0,0,0,1,0,0,1,6,0,False,True,False,True,False,False,False,False,True,False
1305,543,2025,6,25,2,0,0,1,0,1,0,0,6,0,True,False,False,False,False,False,False,False,False,True
3130,314,2025,6,26,2,0,0,0,1,0,0,1,6,0,False,True,False,True,False,False,False,True,False,False
2972,981,2025,6,27,2,0,1,0,0,0,0,1,6,0,False,False,False,True,False,False,False,False,False,False
3172,243,2025,6,28,2,0,0,1,0,0,0,1,6,1,True,False,False,True,False,True,False,False,False,False
1954,544,2025,6,29,2,0,0,1,0,0,1,0,6,1,True,False,True,False,False,False,True,False,False,False
4121,65,2025,6,30,2,0,0,1,0,0,0,1,6,0,True,False,False,True,True,False,False,False,False,False
4762,686,2025,7,1,3,0,0,0,1,0,1,0,7,0,False,True,True,False,False,False,False,False,True,False
2808,132,2025,7,2,3,0,1,0,0,0,1,0,7,0,False,False,True,False,False,False,False,False,False,True
3602,252,2025,7,3,3,0,0,1,0,0,0,1,7,0,True,False,False,True,False,False,False,True,False,False
1432,36,2025,7,4,3,0,0,1,0,0,0,1,7,0,True,False,False,True,False,False,False,False,False,False
301,379,2025,7,5,3,0,0,1,0,0,0,1,7,1,True,False,False,True,False,True,False,False,False,False
3607,242,2025,7,6,3,0,0,0,1,1,0,0,7,1,False,True,False,False,False,False,True,False,False,False
4312,885,2025,7,7,3,0,0,0,1,0,0,1,7,0,False,True,False,True,True,False,False,False,False,False
674,719,2025,7,8,3,0,1,0,0,0,1,0,7,0,False,False,True,False,False,False,False,False,True,False
636,467,2025,7,9,3,0,0,0,1,0,0,1,7,0,False,True,False,True,False,False,False,False,False,True
1725,875,2025,7,10,3,0,0,1,0,1,0,0,7,0,True,False,False,False,False,False,False,True,False,False
2222,384,2025,7,11,3,0,1,0,0,0,0,1,7,0,False,False,False,True,False,False,False,False,False,False
485,694,2025,7,12,3,0,0,1,0,1,0,0,7,1,True,False,False,False,False,True,False,False,False,False
3381,345,2025,7,13,3,0,0,1,0,1,0,0,7,1,True,False,False,False,False,False,True,False,False,False
574,486,2025,7,14,3,0,0,0,1,0,0,1,7,0,False,True,False,True,True,False,False,False,False,False
517,433,2025,7,15,3,0,1,0,0,0,1,0,7,0,False,False,True,False,False,False,False,False,True,False
3700,474,2025,7,16,3,0,0,0,1,1,0,0,7,0,False,True,False,False,False,False,False,False,False,True
1054,605,2025,7,17,3,0,0,0,1,0,0,1,7,0,False,True,False,True,False,False,False,True,False,False
4958,252,2025,7,18,3,0,1,0,0,0,0,1,7,0,False,False,False,True,False,False,False,False,False,False
1305,243,2025,7,19,3,0,0,1,0,0,1,0,7,1,True,False,True,False,False,True,False,False,False,False
4859,850,2025,7,20,3,0,0,1,0,1,0,0,7,1,True,False,False,False,False,False,True,False,False,False
4220,431,2025,7,21,3,0,1,0,0,1,0,0,7,0,False,False,False,False,True,False,False,False,False,False
2090,591,2025,7,22,3,0,0,1,0,0,0,1,7,0,True,False,False,True,False,False,False,False,True,False
4905,354,2025,7,23,3,0,1,0,0,0,0,1,7,0,False,False,False,True,False,False,False,False,False,True
3672,241,2025,7,24,3,0,1,0,0,0,1,0,7,0,False,False,True,False,False,False,False,True,False,False
4480,56,2025,7,25,3,0,0,0,1,0,1,0,7,0,False,True,True,False,False,False,False,False,False,False
4258,297,2025,7,26,3,0,1,0,0,1,0,0,7,1,False,False,False,False,False,True,False,False,False,False
4857,215,2025,7,27,3,0,0,0,1,1,0,0,7,1,False,True,False,False,False,False,True,False,False,False
2813,935,2025,7,28,3,0,0,1,0,0,0,1,7,0,True,False,False,True,True,False,False,False,False,False
2303,883,2025,7,29,3,0,0,1,0,1,0,0,7,0,True,False,False,False,False,False,False,False,True,False
3220,503,2025,7,30,3,0,0,1,0,0,1,0,7,0,True,False,True,False,False,False,False,False,False,True
1066,261,2025,7,31,3,0,0,1,0,0,1,0,7,0,True,False,True,False,False,False,False,True,False,False
3532,343,2025,8,1,3,0,0,0,1,0,0,1,8,0,False,True,False,True,False,False,False,False,False,False
788,750,2025,8,2,3,0,0,1,0,0,1,0,8,1,True,False,True,False,False,True,False,False,False,False
4343,211,2025,8,3,3,0,1,0,0,0,1,0,8,1,False,False,True,False,False,False,True,False,False,False
3801,36,2025,8,4,3,0,1,0,0,0,1,0,8,0,False,False,True,False,True,False,False,False,False,False
441,543,2025,8,5,3,0,1,0,0,0,1,0,8,0,False,False,True,False,False,False,False,False,True,False
1824,937,2025,8,6,3,0,0,0,1,0,0,1,8,0,False,True,False,True,False,False,False,False,False,True
4522,420,2025,8,7,3,0,0,1,0,0,0,1,8,0,True,False,False,True,False,False,False,True,False,False
1892,925,2025,8,8,3,0,0,1,0,1,0,0,8,0,True,False,False,False,False,False,False,False,False,False
1859,905,2025,8,9,3,0,0,1,0,0,1,0,8,1,True,False,True,False,False,True,False,False,False,False
3312,724,2025,8,10,3,0,0,0,1,1,0,0,8,1,False,True,False,False,False,False,True,False,False,False
1089,41,2025,8,11,3,0,1,0,0,0,0,1,8,0,False,False,False,True,True,False,False,False,False,False
2362,493,2025,8,12,3,0,1,0,0,0,0,1,8,0,False,False,False,True,False,False,False,False,True,False
2582,139,2025,8,13,3,0,0,1,0,0,0,1,8,0,True,False,False,True,False,False,False,False,False,True
1051,229,2025,8,14,3,1,1,0,0,0,0,1,8,0,False,False,False,True,False,False,False,True,False,False
822,325,2025,8,15,3,0,1,0,0,0,0,1,8,0,False,False,False,True,False,False,False,False,False,False
3489,289,2025,8,16,3,0,0,0,1,0,0,1,8,1,False,True,False,True,False,True,False,False,False,False
2179,723,2025,8,17,3,0,0,0,1,0,0,1,8,1,False,True,False,True,False,False,True,False,False,False
2817,706,2025,8,18,3,0,0,0,1,0,1,0,8,0,False,True,True,False,True,False,False,False,False,False
2432,304,2025,8,19,3,0,0,0,1,1,0,0,8,0,False,True,False,False,False,False,False,False,True,False
3476,735,2025,8,20,3,0,0,1,0,0,0,1,8,0,True,False,False,True,False,False,False,False,False,True
4624,695,2025,8,21,3,0,0,0,1,0,1,0,8,0,False,True,True,False,False,False,False,True,False,False
1600,782,2025,8,22,3,0,1,0,0,0,1,0,8,0,False,False,True,False,False,False,False,False,False,False
385,246,2025,8,23,3,0,0,1,0,1,0,0,8,1,True,False,False,False,False,True,False,False,False,False
3595,967,2025,8,24,3,0,1,0,0,0,0,1,8,1,False,False,False,True,False,False,True,False,False,False
2165,400,2025,8,25,3,0,1,0,0,1,0,0,8,0,False,False,False,False,True,False,False,False,False,False
868,479,2025,8,26,3,0,1,0,0,0,0,1,8,0,False,False,False,True,False,False,False,False,True,False
3157,26,2025,8,27,3,0,0,0,1,0,1,0,8,0,False,True,True,False,False,False,False,False,False,True
4389,48,2025,8,28,3,0,0,0,1,0,1,0,8,0,False,True,True,False,False,False,False,True,False,False
2261,926,2025,8,29,3,0,0,1,0,0,1,0,8,0,True,False,True,False,False,False,False,False,False,False
3393,52,2025,8,30,3,0,0,1,0,0,1,0,8,1,True,False,True,False,False,True,False,False,False,False
1046,665,2025,8,31,3,0,0,0,1,1,0,0,8,1,False,True,False,False,False,False,True,False,False,False
3435,898,2025,9,1,3,0,1,0,0,0,0,1,9,0,False,False,False,True,True,False,False,False,False,False
4250,98,2025,9,2,3,0,0,1,0,0,0,1,9,0,True,False,False,True,False,False,False,False,True,False
4995,947,2025,9,3,3,0,0,0,1,1,0,0,9,0,False,True,False,False,False,False,False,False,False,True
4973,966,2025,9,4,3,0,0,0,1,0,0,1,9,0,False,True,False,True,False,False,False,True,False,False
1581,478,2025,9,5,3,0,0,0,1,0,1,0,9,0,False,True,True,False,False,False,False,False,False,False
2001,589,2025,9,6,3,0,1,0,0,0,0,1,9,1,False,False,False,True,False,True,False,False,False,False
3551,557,2025,9,7,3,0,0,0,1,0,1,0,9,1,False,True,True,False,False,False,True,False,False,False
4164,501,2025,9,8,3,0,0,0,1,1,0,0,9,0,False,True,False,False,True,False,False,False,False,False
154,449,2025,9,9,3,0,0,0,1,0,0,1,9,0,False,True,False,True,False,False,False,False,True,False
1923,757,2025,9,10,3,0,0,0,1,1,0,0,9,0,False,True,False,False,False,False,False,False,False,True
3562,304,2025,9,11,3,0,0,1,0,0,0,1,9,0,True,False,False,True,False,False,False,True,False,False
3179,535,2025,9,12,3,0,0,1,0,0,1,0,9,0,True,False,True,False,False,False,False,False,False,False
932,996,2025,9,13,3,0,0,0,1,1,0,0,9,1,False,True,False,False,False,True,False,False,False,False
4508,118,2025,9,14,3,0,1,0,0,0,0,1,9,1,False,False,False,True,False,False,True,False,False,False
2906,416,2025,9,15,3,0,0,1,0,0,1,0,9,0,True,False,True,False,True,False,False,False,False,False
2590,508,2025,9,16,3,0,0,0,1,1,0,0,9,0,False,True,False,False,False,False,False,False,True,False
427,58,2025,9,17,3,0,0,1,0,1,0,0,9,0,True,False,False,False,False,False,False,False,False,True
3410,290,2025,9,18,3,0,0,1,0,0,0,1,9,0,True,False,False,True,False,False,False,True,False,False
3400,906,2025,9,19,3,0,1,0,0,0,0,1,9,0,False,False,False,True,False,False,False,False,False,False
3775,816,2025,9,20,3,0,0,0,1,0,0,1,9,1,False,True,False,True,False,True,False,False,False,False
3154,176,2025,9,21,3,0,0,0,1,0,1,0,9,1,False,True,True,False,False,False,True,False,False,False
2243,94,2025,9,22,3,0,1,0,0,0,0,1,9,0,False,False,False,True,True,False,False,False,False,False
1411,903,2025,9,23,3,0,1,0,0,1,0,0,9,0,False,False,False,False,False,False,False,False,True,False
3291,819,2025,9,24,3,0,0,0,1,1,0,0,9,0,False,True,False,False,False,False,False,False,False,True
2638,149,2025,9,25,3,0,0,0,1,0,0,1,9,0,False,True,False,True,False,False,False,True,False,False
4083,706,2025,9,26,3,0,1,0,0,0,0,1,9,0,False,False,False,True,False,False,False,False,False,False
4647,993,2025,9,27,3,0,0,1,0,1,0,0,9,1,True,False,False,False,False,True,False,False,False,False
264,103,2025,9,28,3,0,0,1,0,0,1,0,9,1,True,False,True,False,False,False,True,False,False,False
4377,41,2025,9,29,3,0,1,0,0,0,0,1,9,0,False,False,False,True,True,False,False,False,False,False
922,478,2025,9,30,3,0,0,1,0,0,0,1,9,0,True,False,False,True,False,False,False,False,True,False
1043,558,2025,10,1,4,0,1,0,0,1,0,0,10,0,False,False,False,False,False,False,False,False,False,True
4525,726,2025,10,2,4,0,0,1,0,0,0,1,10,0,True,False,False,True,False,False,False,True,False,False
874,868,2025,10,3,4,0,0,1,0,0,1,0,10,0,True,False,True,False,False,False,False,False,False,False
2298,401,2025,10,4,4,0,0,0,1,1,0,0,10,1,False,True,False,False,False,True,False,False,False,False
3256,767,2025,10,5,4,0,0,0,1,0,0,1,10,1,False,True,False,True,False,False,True,False,False,False
4342,459,2025,10,6,4,0,0,1,0,1,0,0,10,0,True,False,False,False,True,False,False,False,False,False
3795,623,2025,10,7,4,0,0,1,0,0,0,1,10,0,True,False,False,True,False,False,False,False,True,False
3552,40,2025,10,8,4,0,0,0,1,0,0,1,10,0,False,True,False,True,False,False,False,False,False,True
1014,322,2025,10,9,4,0,0,0,1,0,0,1,10,0,False,True,False,True,False,False,False,True,False,False
1408,995,2025,10,10,4,0,0,0,1,0,1,0,10,0,False,True,True,False,False,False,False,False,False,False
4277,888,2025,10,11,4,0,1,0,0,0,1,0,10,1,False,False,True,False,False,True,False,False,False,False
613,974,2025,10,12,4,0,0,1,0,1,0,0,10,1,True,False,False,False,False,False,True,False,False,False
2020,103,2025,10,13,4,0,0,0,1,0,0,1,10,0,False,True,False,True,True,False,False,False,False,False
3694,793,2025,10,14,4,0,0,1,0,0,0,1,10,0,True,False,False,True,False,False,False,False,True,False
4941,678,2025,10,15,4,0,1,0,0,0,1,0,10,0,False,False,True,False,False,False,False,False,False,True
1509,972,2025,10,16,4,0,1,0,0,0,0,1,10,0,False,False,False,True,False,False,False,True,False,False
4902,472,2025,10,17,4,0,0,0,1,0,1,0,10,0,False,True,True,False,False,False,False,False,False,False
4666,406,2025,10,18,4,0,1,0,0,0,0,1,10,1,False,False,False,True,False,True,False,False,False,False
3290,526,2025,10,19,4,0,0,1,0,1,0,0,10,1,True,False,False,False,False,False,True,False,False,False
4591,276,2025,10,20,4,0,0,0,1,0,0,1,10,0,False,True,False,True,True,False,False,False,False,False
1655,589,2025,10,21,4,0,0,1,0,0,0,1,10,0,True,False,False,True,False,False,False,False,True,False
904,911,2025,10,22,4,0,0,1,0,0,1,0,10,0,True,False,True,False,False,False,False,False,False,True
1379,953,2025,10,23,4,0,1,0,0,0,0,1,10,0,False,False,False,True,False,False,False,True,False,False
3677,546,2025,10,24,4,0,1,0,0,0,0,1,10,0,False,False,False,True,False,False,False,False,False,False
3001,181,2025,10,25,4,0,1,0,0,0,1,0,10,1,False,False,True,False,False,True,False,False,False,False
1487,976,2025,10,26,4,0,1,0,0,1,0,0,10,1,False,False,False,False,False,False,True,False,False,False
4788,182,2025,10,27,4,0,1,0,0,1,0,0,10,0,False,False,False,False,True,False,False,False,False,False
2861,851,2025,10,28,4,0,0,0,1,0,1,0,10,0,False,True,True,False,False,False,False,False,True,False
2779,812,2025,10,29,4,0,0,1,0,0,1,0,10,0,True,False,True,False,False,False,False,False,False,True
2206,811,2025,10,30,4,0,0,1,0,0,1,0,10,0,True,False,True,False,False,False,False,True,False,False
4323,543,2025,10,31,4,0,0,1,0,0,1,0,10,0,True,False,True,False,False,False,False,False,False,False
4931,805,2025,11,1,4,0,0,1,0,0,1,0,11,1,True,False,True,False,False,True,False,False,False,False
2868,290,2025,11,2,4,0,1,0,0,1,0,0,11,1,False,False,False,False,False,False,True,False,False,False
4053,511,2025,11,3,4,0,0,1,0,1,0,0,11,0,True,False,False,False,True,False,False,False,False,False
3286,227,2025,11,4,4,0,0,0,1,0,1,0,11,0,False,True,True,False,False,False,False,False,True,False
3380,558,2025,11,5,4,0,0,0,1,0,0,1,11,0,False,True,False,True,False,False,False,False,False,True
2673,603,2025,11,6,4,0,0,1,0,0,1,0,11,0,True,False,True,False,False,False,False,True,False,False
4716,79,2025,11,7,4,0,0,1,0,0,0,1,11,0,True,False,False,True,False,False,False,False,False,False
2699,449,2025,11,8,4,0,0,0,1,0,1,0,11,1,False,True,True,False,False,True,False,False,False,False
4133,676,2025,11,9,4,0,0,0,1,0,1,0,11,1,False,True,True,False,False,False,True,False,False,False
336,624,2025,11,10,4,0,1,0,0,1,0,0,11,0,False,False,False,False,True,False,False,False,False,False
1404,328,2025,11,11,4,0,0,0,1,0,0,1,11,0,False,True,False,True,False,False,False,False,True,False
3530,539,2025,11,12,4,0,1,0,0,0,0,1,11,0,False,False,False,True,False,False,False,False,False,True
1401,610,2025,11,13,4,0,1,0,0,1,0,0,11,0,False,False,False,False,False,False,False,True,False,False
2641,46,2025,11,14,4,0,1,0,0,1,0,0,11,0,False,False,False,False,False,False,False,False,False,False
2151,705,2025,11,15,4,0,1,0,0,1,0,0,11,1,False,False,False,False,False,True,False,False,False,False
541,581,2025,11,16,4,0,1,0,0,1,0,0,11,1,False,False,False,False,False,False,True,False,False,False
2176,218,2025,11,17,4,0,0,1,0,0,0,1,11,0,True,False,False,True,True,False,False,False,False,False
3280,406,2025,11,18,4,0,0,0,1,0,0,1,11,0,False,True,False,True,False,False,False,False,True,False
2757,368,2025,11,19,4,0,1,0,0,0,1,0,11,0,False,False,True,False,False,False,False,False,False,True
3898,979,2025,11,20,4,0,0,0,1,0,1,0,11,0,False,True,True,False,False,False,False,True,False,False
904,959,2025,11,21,4,0,0,0,1,1,0,0,11,0,False,True,False,False,False,False,False,False,False,False
174,712,2025,11,22,4,0,1,0,0,1,0,0,11,1,False,False,False,False,False,True,False,False,False,False
2275,555,2025,11,23,4,0,0,1,0,1,0,0,11,1,True,False,False,False,False,False,True,False,False,False
4024,847,2025,11,24,4,0,1,0,0,0,1,0,11,0,False,False,True,False,True,False,False,False,False,False
2189,397,2025,11,25,4,0,0,1,0,0,1,0,11,0,True,False,True,False,False,False,False,False,True,False
140,918,2025,11,26,4,0,0,0,1,0,1,0,11,0,False,True,True,False,False,False,False,False,False,True
2181,935,2025,11,27,4,0,0,1,0,0,1,0,11,0,True,False,True,False,False,False,False,True,False,False
4783,577,2025,11,28,4,0,0,1,0,0,1,0,11,0,True,False,True,False,False,False,False,False,False,False
1722,546,2025,11,29,4,0,0,1,0,0,1,0,11,1,True,False,True,False,False,True,False,False,False,False
441,172,2025,11,30,4,0,0,0,1,0,1,0,11,1,False,True,True,False,False,False,True,False,False,False
4152,753,2025,12,1,4,0,0,0,1,1,0,0,12,0,False,True,False,False,True,False,False,False,False,False
2174,225,2025,12,2,4,0,0,1,0,1,0,0,12,0,True,False,False,False,False,False,False,False,True,False
745,474,2025,12,3,4,0,0,1,0,1,0,0,12,0,True,False,False,False,False,False,False,False,False,True
4926,292,2025,12,4,4,0,1,0,0,1,0,0,12,0,False,False,False,False,False,False,False,True,False,False
4363,913,2025,12,5,4,0,0,1,0,0,1,0,12,0,True,False,True,False,False,False,False,False,False,False
709,255,2025,12,6,4,0,1,0,0,0,0,1,12,1,False,False,False,True,False,True,False,False,False,False
554,871,2025,12,7,4,0,0,1,0,0,1,0,12,1,True,False,True,False,False,False,True,False,False,False
3053,759,2025,12,8,4,0,1,0,0,0,0,1,12,0,False,False,False,True,True,False,False,False,False,False
1808,540,2025,12,9,4,0,0,0,1,1,0,0,12,0,False,True,False,False,False,False,False,False,True,False
3572,697,2025,12,10,4,0,0,1,0,0,1,0,12,0,True,False,True,False,False,False,False,False,False,True
3069,963,2025,12,11,4,0,0,1,0,1,0,0,12,0,True,False,False,False,False,False,False,True,False,False
3128,975,2025,12,12,4,0,0,1,0,0,1,0,12,0,True,False,True,False,False,False,False,False,False,False
4897,850,2025,12,13,4,0,0,1,0,1,0,0,12,1,True,False,False,False,False,True,False,False,False,False
2781,745,2025,12,14,4,0,1,0,0,0,0,1,12,1,False,False,False,True,False,False,True,False,False,False
3729,520,2025,12,15,4,0,0,1,0,0,0,1,12,0,True,False,False,True,True,False,False,False,False,False
4325,136,2025,12,16,4,0,0,0,1,0,0,1,12,0,False,True,False,True,False,False,False,False,True,False
3167,405,2025,12,17,4,0,0,0,1,0,1,0,12,0,False,True,True,False,False,False,False,False,False,True
1486,363,2025,12,18,4,0,0,1,0,0,0,1,12,0,True,False,False,True,False,False,False,True,False,False
3876,603,2025,12,19,4,0,0,0,1,0,1,0,12,0,False,True,True,False,False,False,False,False,False,False
2966,414,2025,12,20,4,0,0,1,0,0,0,1,12,1,True,False,False,True,False,True,False,False,False,False
4888,83,2025,12,21,4,0,0,1,0,0,0,1,12,1,True,False,False,True,False,False,True,False,False,False
3463,736,2025,12,22,4,0,0,0,1,0,1,0,12,0,False,True,True,False,True,False,False,False,False,False
4989,740,2025,12,23,4,0,0,1,0,0,1,0,12,0,True,False,True,False,False,False,False,False,True,False
4224,91,2025,12,24,4,0,0,0,1,0,0,1,12,0,False,True,False,True,False,False,False,False,False,True
248,808,2025,12,25,4,1,1,0,0,0,1,0,12,0,False,False,True,False,False,False,False,True,False,False
3950,293,2025,12,26,4,0,0,1,0,0,0,1,12,0,True,False,False,True,False,False,False,False,False,False
2158,339,2025,12,27,4,0,1,0,0,0,1,0,12,1,False,False,True,False,False,True,False,False,False,False
1236,357,2025,12,28,4,0,0,0,1,1,0,0,12,1,False,True,False,False,False,False,True,False,False,False
286,385,2025,12,29,4,0,1,0,0,1,0,0,12,0,False,False,False,False,True,False,False,False,False,False
2954,514,2025,12,30,4,0,1,0,0,1,0,0,12,0,False,False,False,False,False,False,False,False,True,False
1350,626,2025,12,31,4,0,0,0,1,1,0,0,12,0,False,True,False,False,False,False,False,False,False,True
1433,185,2026,1,1,1,0,1,0,0,1,0,0,1,0,False,False,False,False,False,False,False,True,False,False
4293,563,2026,1,2,1,0,1,0,0,0,0,1,1,0,False,False,False,True,False,False,False,False,False,False
4250,30,2026,1,3,1,0,0,0,1,1,0,0,1,1,False,True,False,False,False,True,False,False,False,False
2811,320,2026,1,4,1,0,1,0,0,1,0,0,1,1,False,False,False,False,False,False,True,False,False,False
4953,748,2026,1,5,1,0,0,0,1,1,0,0,1,0,False,True,False,False,True,False,False,False,False,False
4601,820,2026,1,6,1,0,1,0,0,1,0,0,1,0,False,False,False,False,False,False,False,False,True,False
1885,121,2026,1,7,1,0,0,0,1,0,1,0,1,0,False,True,True,False,False,False,False,False,False,True
850,444,2026,1,8,1,0,0,0,1,0,0,1,1,0,False,True,False,True,False,False,False,True,False,False
1862,411,2026,1,9,1,0,1,0,0,1,0,0,1,0,False,False,False,False,False,False,False,False,False,False
4020,798,2026,1,10,1,0,1,0,0,1,0,0,1,1,False,False,False,False,False,True,False,False,False,False
4560,233,2026,1,11,1,0,1,0,0,1,0,0,1,1,False,False,False,False,False,False,True,False,False,False
581,710,2026,1,12,1,0,0,1,0,0,0,1,1,0,True,False,False,True,True,False,False,False,False,False
253,107,2026,1,13,1,0,0,1,0,0,1,0,1,0,True,False,True,False,False,False,False,False,True,False
1624,572,2026,1,14,1,0,0,1,0,0,0,1,1,0,True,False,False,True,False,False,False,False,False,True
2220,420,2026,1,15,1,0,0,0,1,0,1,0,1,0,False,True,True,False,False,False,False,True,False,False
2443,607,2026,1,16,1,0,1,0,0,1,0,0,1,0,False,False,False,False,False,False,False,False,False,False
1340,908,2026,1,17,1,0,0,0,1,1,0,0,1,1,False,True,False,False,False,True,False,False,False,False
160,65,2026,1,18,1,0,0,1,0,0,0,1,1,1,True,False,False,True,False,False,True,False,False,False
1038,691,2026,1,19,1,0,1,0,0,0,0,1,1,0,False,False,False,True,True,False,False,False,False,False
1739,482,2026,1,20,1,0,0,0,1,0,1,0,1,0,False,True,True,False,False,False,False,False,True,False
4220,611,2026,1,21,1,0,1,0,0,0,1,0,1,0,False,False,True,False,False,False,False,False,False,True
4326,329,2026,1,22,1,0,0,0,1,0,0,1,1,0,False,True,False,True,False,False,False,True,False,False
3669,105,2026,1,23,1,0,1,0,0,0,1,0,1,0,False,False,True,False,False,False,False,False,False,False
1352,111,2026,1,24,1,0,0,1,0,0,0,1,1,1,True,False,False,True,False,True,False,False,False,False
4303,679,2026,1,25,1,0,0,1,0,0,1,0,1,1,True,False,True,False,False,False,True,False,False,False
271,692,2026,1,26,1,0,1,0,0,0,0,1,1,0,False,False,False,True,True,False,False,False,False,False
1558,733,2026,1,27,1,0,0,0,1,0,0,1,1,0,False,True,False,True,False,False,False,False,True,False
3649,955,2026,1,28,1,0,0,1,0,0,0,1,1,0,True,False,False,True,False,False,False,False,False,True
4297,947,2026,1,29,1,0,0,1,0,0,1,0,1,0,True,False,True,False,False,False,False,True,False,False
2422,261,2026,1,30,1,0,0,1,0,0,1,0,1,0,True,False,True,False,False,False,False,False,False,False
1736,884,2026,1,31,1,0,1,0,0,0,1,0,1,1,False,False,True,False,False,True,False,False,False,False
3215,21,2026,2,1,1,0,1,0,0,0,0,1,2,1,False,False,False,True,False,False,True,False,False,False
4190,244,2026,2,2,1,0,0,0,1,0,1,0,2,0,False,True,True,False,True,False,False,False,False,False
3104,820,2026,2,3,1,0,0,0,1,0,1,0,2,0,False,True,True,False,False,False,False,False,True,False
429,764,2026,2,4,1,0,0,0,1,0,0,1,2,0,False,True,False,True,False,False,False,False,False,True
3740,992,2026,2,5,1,0,1,0,0,1,0,0,2,0,False,False,False,False,False,False,False,True,False,False
3994,945,2026,2,6,1,0,1,0,0,0,0,1,2,0,False,False,False,True,False,False,False,False,False,False
4207,948,2026,2,7,1,0,0,0,1,0,1,0,2,1,False,True,True,False,False,True,False,False,False,False
1441,608,2026,2,8,1,0,0,0,1,0,0,1,2,1,False,True,False,True,False,False,True,False,False,False
3763,135,2026,2,9,1,0,1,0,0,1,0,0,2,0,False,False,False,False,True,False,False,False,False,False
315,685,2026,2,10,1,0,0,0,1,0,0,1,2,0,False,True,False,True,False,False,False,False,True,False
438,937,2026,2,11,1,0,0,1,0,0,1,0,2,0,True,False,True,False,False,False,False,False,False,True
4162,122,2026,2,12,1,0,1,0,0,1,0,0,2,0,False,False,False,False,False,False,False,True,False,False
2808,213,2026,2,13,1,0,0,0,1,0,1,0,2,0,False,True,True,False,False,False,False,False,False,False
3252,185,2026,2,14,1,0,1,0,0,1,0,0,2,1,False,False,False,False,False,True,False,False,False,False
1850,890,2026,2,15,1,0,0,1,0,1,0,0,2,1,True,False,False,False,False,False,True,False,False,False
2521,109,2026,2,16,1,0,1,0,0,0,0,1,2,0,False,False,False,True,True,False,False,False,False,False
809,705,2026,2,17,1,0,1,0,0,0,0,1,2,0,False,False,False,True,False,False,False,False,True,False
3826,141,2026,2,18,1,0,1,0,0,0,1,0,2,0,False,False,True,False,False,False,False,False,False,True
3742,162,2026,2,19,1,0,1,0,0,0,0,1,2,0,False,False,False,True,False,False,False,True,False,False
4093,125,2026,2,20,1,0,0,1,0,0,0,1,2,0,True,False,False,True,False,False,False,False,False,False
588,906,2026,2,21,1,0,1,0,0,1,0,0,2,1,False,False,False,False,False,True,False,False,False,False
146,447,2026,2,22,1,0,1,0,0,0,0,1,2,1,False,False,False,True,False,False,True,False,False,False
3459,324,2026,2,23,1,0,0,0,1,1,0,0,2,0,False,True,False,False,True,False,False,False,False,False
4973,891,2026,2,24,1,0,1,0,0,1,0,0,2,0,False,False,False,False,False,False,False,False,True,False
4906,990,2026,2,25,1,0,0,0,1,1,0,0,2,0,False,True,False,False,False,False,False,False,False,True
500,336,2026,2,26,1,0,0,1,0,0,1,0,2,0,True,False,True,False,False,False,False,True,False,False
4090,982,2026,2,27,1,0,0,1,0,0,1,0,2,0,True,False,True,False,False,False,False,False,False,False
3257,654,2026,2,28,1,0,0,1,0,0,1,0,2,1,True,False,True,False,False,True,False,False,False,False
4445,921,2026,3,1,1,0,0,1,0,1,0,0,3,1,True,False,False,False,False,False,True,False,False,False
490,28,2026,3,2,1,0,0,0,1,0,1,0,3,0,False,True,True,False,True,False,False,False,False,False
3953,793,2026,3,3,1,0,1,0,0,0,1,0,3,0,False,False,True,False,False,False,False,False,True,False
4530,92,2026,3,4,1,0,0,1,0,0,0,1,3,0,True,False,False,True,False,False,False,False,False,True
728,378,2026,3,5,1,0,1,0,0,0,1,0,3,0,False,False,True,False,False,False,False,True,False,False
4332,242,2026,3,6,1,0,0,0,1,0,1,0,3,0,False,True,True,False,False,False,False,False,False,False
3030,435,2026,3,7,1,0,0,0,1,1,0,0,3,1,False,True,False,False,False,True,False,False,False,False
1621,572,2026,3,8,1,0,0,0,1,1,0,0,3,1,False,True,False,False,False,False,True,False,False,False
926,389,2026,3,9,1,0,0,1,0,1,0,0,3,0,True,False,False,False,True,False,False,False,False,False
4922,735,2026,3,10,1,0,1,0,0,1,0,0,3,0,False,False,False,False,False,False,False,False,True,False
1600,283,2026,3,11,1,0,1,0,0,1,0,0,3,0,False,False,False,False,False,False,False,False,False,True
3394,859,2026,3,12,1,0,1,0,0,1,0,0,3,0,False,False,False,False,False,False,False,True,False,False
2519,709,2026,3,13,1,0,0,0,1,0,1,0,3,0,False,True,True,False,False,False,False,False,False,False
1034,879,2026,3,14,1,0,0,1,0,1,0,0,3,1,True,False,False,False,False,True,False,False,False,False
3142,337,2026,3,15,1,0,0,0,1,1,0,0,3,1,False,True,False,False,False,False,True,False,False,False
4597,103,2026,3,16,1,0,0,0,1,0,0,1,3,0,False,True,False,True,True,False,False,False,False,False
1566,337,2026,3,17,1,0,1,0,0,0,1,0,3,0,False,False,True,False,False,False,False,False,True,False
3661,130,2026,3,18,1,0,0,0,1,0,1,0,3,0,False,True,True,False,False,False,False,False,False,True
714,270,2026,3,19,1,0,1,0,0,0,1,0,3,0,False,False,True,False,False,False,False,True,False,False
1282,402,2026,3,20,1,0,0,1,0,1,0,0,3,0,True,False,False,False,False,False,False,False,False,False
3323,26,2026,3,21,1,0,1,0,0,1,0,0,3,1,False,False,False,False,False,True,False,False,False,False
2767,478,2026,3,22,1,0,0,1,0,1,0,0,3,1,True,False,False,False,False,False,True,False,False,False
230,103,2026,3,23,1,0,1,0,0,0,0,1,3,0,False,False,False,True,True,False,False,False,False,False
3083,227,2026,3,24,1,0,0,0,1,1,0,0,3,0,False,True,False,False,False,False,False,False,True,False
4378,919,2026,3,25,1,0,0,0,1,0,0,1,3,0,False,True,False,True,False,False,False,False,False,True
4559,409,2026,3,26,1,0,0,1,0,0,1,0,3,0,True,False,True,False,False,False,False,True,False,False
138,333,2026,3,27,1,0,0,1,0,1,0,0,3,0,True,False,False,False,False,False,False,False,False,False
4059,41,2026,3,28,1,0,0,1,0,0,0,1,3,1,True,False,False,True,False,True,False,False,False,False
3687,429,2026,3,29,1,0,1,0,0,0,0,1,3,1,False,False,False,True,False,False,True,False,False,False
1020,914,2026,3,30,1,0,1,0,0,1,0,0,3,0,False,False,False,False,True,False,False,False,False,False
2869,534,2026,3,31,1,0,0,1,0,0,1,0,3,0,True,False,True,False,False,False,False,False,True,False
4211,146,2026,4,1,2,0,0,0,1,0,1,0,4,0,False,True,True,False,False,False,False,False,False,True
592,828,2026,4,2,2,0,1,0,0,0,1,0,4,0,False,False,True,False,False,False,False,True,False,False
1231,719,2026,4,3,2,0,1,0,0,0,0,1,4,0,False,False,False,True,False,False,False,False,False,False
3621,893,2026,4,4,2,0,1,0,0,0,0,1,4,1,False,False,False,True,False,True,False,False,False,False
410,33,2026,4,5,2,0,0,1,0,0,0,1,4,1,True,False,False,True,False,False,True,False,False,False
838,990,2026,4,6,2,0,0,1,0,0,0,1,4,0,True,False,False,True,True,False,False,False,False,False
3341,997,2026,4,7,2,0,0,1,0,0,1,0,4,0,True,False,True,False,False,False,False,False,True,False
645,31,2026,4,8,2,0,0,1,0,1,0,0,4,0,True,False,False,False,False,False,False,False,False,True
2561,106,2026,4,9,2,0,0,1,0,0,0,1,4,0,True,False,False,True,False,False,False,True,False,False
4446,543,2026,4,10,2,0,0,0,1,0,0,1,4,0,False,True,False,True,False,False,False,False,False,False
4954,928,2026,4,11,2,0,0,0,1,0,1,0,4,1,False,True,True,False,False,True,False,False,False,False
1904,556,2026,4,12,2,0,0,1,0,1,0,0,4,1,True,False,False,False,False,False,True,False,False,False
3312,320,2026,4,13,2,0,1,0,0,1,0,0,4,0,False,False,False,False,True,False,False,False,False,False
3910,262,2026,4,14,2,0,0,1,0,0,1,0,4,0,True,False,True,False,False,False,False,False,True,False
913,141,2026,4,15,2,0,0,0,1,0,1,0,4,0,False,True,True,False,False,False,False,False,False,True
4224,166,2026,4,16,2,0,0,0,1,1,0,0,4,0,False,True,False,False,False,False,False,True,False,False
2132,586,2026,4,17,2,0,1,0,0,0,0,1,4,0,False,False,False,True,False,False,False,False,False,False
4672,769,2026,4,18,2,0,0,0,1,1,0,0,4,1,False,True,False,False,False,True,False,False,False,False
4513,375,2026,4,19,2,0,0,1,0,0,1,0,4,1,True,False,True,False,False,False,True,False,False,False
344,704,2026,4,20,2,0,1,0,0,0,0,1,4,0,False,False,False,True,True,False,False,False,False,False
4943,923,2026,4,21,2,0,0,1,0,0,0,1,4,0,True,False,False,True,False,False,False,False,True,False
4892,752,2026,4,22,2,0,0,1,0,0,1,0,4,0,True,False,True,False,False,False,False,False,False,True
371,650,2026,4,23,2,0,1,0,0,0,1,0,4,0,False,False,True,False,False,False,False,True,False,False
3611,328,2026,4,24,2,0,0,1,0,0,1,0,4,0,True,False,True,False,False,False,False,False,False,False
1871,714,2026,4,25,2,0,0,0,1,1,0,0,4,1,False,True,False,False,False,True,False,False,False,False
1362,307,2026,4,26,2,0,0,1,0,1,0,0,4,1,True,False,False,False,False,False,True,False,False,False
2524,326,2026,4,27,2,0,1,0,0,0,0,1,4,0,False,False,False,True,True,False,False,False,False,False
4461,831,2026,4,28,2,0,1,0,0,0,1,0,4,0,False,False,True,False,False,False,False,False,True,False
1020,613,2026,4,29,2,0,1,0,0,0,0,1,4,0,False,False,False,True,False,False,False,False,False,True
3530,985,2026,4,30,2,0,0,1,0,0,0,1,4,0,True,False,False,True,False,False,False,True,False,False
4535,933,2026,5,1,2,0,1,0,0,0,0,1,5,0,False,False,False,True,False,False,False,False,False,False
4584,742,2026,5,2,2,0,1,0,0,0,0,1,5,1,False,False,False,True,False,True,False,False,False,False
2724,681,2026,5,3,2,0,0,1,0,0,1,0,5,1,True,False,True,False,False,False,True,False,False,False
3860,568,2026,5,4,2,0,0,0,1,0,0,1,5,0,False,True,False,True,True,False,False,False,False,False
2150,371,2026,5,5,2,0,0,1,0,0,1,0,5,0,True,False,True,False,False,False,False,False,True,False
3600,331,2026,5,6,2,0,1,0,0,0,1,0,5,0,False,False,True,False,False,False,False,False,False,True
1265,892,2026,5,7,2,0,1,0,0,1,0,0,5,0,False,False,False,False,False,False,False,True,False,False
475,78,2026,5,8,2,0,0,1,0,0,1,0,5,0,True,False,True,False,False,False,False,False,False,False
2133,662,2026,5,9,2,0,0,0,1,1,0,0,5,1,False,True,False,False,False,True,False,False,False,False
245,943,2026,5,10,2,0,1,0,0,0,1,0,5,1,False,False,True,False,False,False,True,False,False,False
4488,733,2026,5,11,2,0,1,0,0,0,1,0,5,0,False,False,True,False,True,False,False,False,False,False
531,774,2026,5,12,2,0,1,0,0,0,1,0,5,0,False,False,True,False,False,False,False,False,True,False
804,54,2026,5,13,2,0,0,1,0,1,0,0,5,0,True,False,False,False,False,False,False,False,False,True
2732,464,2026,5,14,2,0,1,0,0,1,0,0,5,0,False,False,False,False,False,False,False,True,False,False
4594,112,2026,5,15,2,0,0,0,1,0,0,1,5,0,False,True,False,True,False,False,False,False,False,False
